part_number,manufacturer,category,description,availability,price,datasheet_url,product_url,capacitance_uF,voltage_V,tolerance_percent,price_jpy,stock,is_aluminum_electrolytic
MAL220216222E3,Vishay / BC Components,アルミニウム電解キャパシタ - ネジ端子,アルミニウム電解キャパシタ - ネジ端子 2200uF 400V 20% 50x105mm 85C 10000h,,"¥14,590.1",,https://www.mouser.jp/ProductDetail/Vishay-BC-Components/MAL220216222E3?qs=By6Nw2ByBD1joovH0l1dqA%3D%3D,2200.0,400.0,20.0,14590.1,,True
MAL220217102E3,Vishay / BC Components,アルミニウム電解キャパシタ - ネジ端子,アルミニウム電解キャパシタ - ネジ端子 1000uF 450V 20% 50x105mm 85C 10000h,127 在庫,"¥10,485.8",,https://www.mouser.jp/ProductDetail/Vishay-BC-Components/MAL220217102E3?qs=By6Nw2ByBD2ZB%2Fbt7cL6fA%3D%3D,1000.0,450.0,20.0,10485.8,127,True
400AEW240MEFR18X40,Rubycon,アルミ電解コンデンサ - ラジアルリード,アルミ電解コンデンサ - ラジアルリード 400VDC 240uF 20% 18x40,198 在庫,"¥1,025.3",,https://www.mouser.jp/ProductDetail/Rubycon/400AEW240MEFR18X40?qs=6avfeC6zeS40IedThVVP0g%3D%3D,240.0,400.0,20.0,1025.3,198,True
MAL220212152E3,Vishay / BC Components,アルミニウム電解キャパシタ - ネジ端子,アルミニウム電解キャパシタ - ネジ端子 1500uF 200V 20% 35x60mm 85C 10000h,164 在庫,"¥5,814.2",,https://www.mouser.jp/ProductDetail/Vishay-BC-Components/MAL220212152E3?qs=By6Nw2ByBD37KIGJOGEaGw%3D%3D,1500.0,200.0,20.0,5814.2,164,True
865080657018,Wurth Elektronik,アルミニウム電解キャパシタ - SMD,アルミニウム電解キャパシタ - SMD WCAP-ASLI 220uF 50V 20% SMD/SMT,91766 在庫,¥148.3,,https://www.mouser.jp/ProductDetail/Wurth-Elektronik/865080657018?qs=0KOYDY2FL28CcgHzg1XTuA%3D%3D,220.0,50.0,20.0,148.3,91766,True
865080545012,Wurth Elektronik,アルミニウム電解キャパシタ - SMD,アルミニウム電解キャパシタ - SMD WCAP-ASLI 100uF 35V 20% SMD/SMT,593561 在庫,¥57.1,,https://www.mouser.jp/ProductDetail/Wurth-Elektronik/865080545012?qs=0KOYDY2FL297tvB6LOdg5A%3D%3D,100.0,35.0,20.0,57.1,593561,True
865080663020,Wurth Elektronik,アルミニウム電解キャパシタ - SMD,アルミニウム電解キャパシタ - SMD WCAP-ASLI 1000uF 50V 20% SMD/SMT,61850 在庫,¥476,,https://www.mouser.jp/ProductDetail/Wurth-Elektronik/865080663020?qs=0KOYDY2FL28a%252B9ciq6BiMA%3D%3D,1000.0,50.0,20.0,476.0,61850,True
865060657012,Wurth Elektronik,アルミニウム電解キャパシタ - SMD,アルミニウム電解キャパシタ - SMD WCAP-ASLL 220uF 50V 20% SMD/SMT,37789 在庫,¥207,,https://www.mouser.jp/ProductDetail/Wurth-Elektronik/865060657012?qs=0KOYDY2FL28HhDLlWDQPow%3D%3D,220.0,50.0,20.0,207.0,37789,True
MAL214699107E3,Vishay / BC Components,アルミニウム電解キャパシタ - SMD,アルミニウム電解キャパシタ - SMD 330uF 50V 20%,22934 在庫,¥606.4,,https://www.mouser.jp/ProductDetail/Vishay-BC-Components/MAL214699107E3?qs=Ep9Lwju7gVqGQFZeQuJIeQ%3D%3D,330.0,50.0,20.0,606.4,22934,True
MAL214699805E3,Vishay / BC Components,アルミニウム電解キャパシタ - SMD,アルミニウム電解キャパシタ - SMD 100uF 63V 20%,78768 在庫,¥314.6,,https://www.mouser.jp/ProductDetail/Vishay-BC-Components/MAL214699805E3?qs=Ep9Lwju7gVo8IeaeZkMXmw%3D%3D,100.0,63.0,20.0,314.6,78768,True
MAL212018102E3,Vishay / BC Components,アルミ電解コンデンサ-アキシャルリード,アルミ電解コンデンサ-アキシャルリード 1000uF 63V 20% Axial,2030 在庫,"¥2,368.4",,https://www.mouser.jp/ProductDetail/Vishay-BC-Components/MAL212018102E3?qs=dl6palF0VAduSfv%252BIMDf8w%3D%3D,1000.0,63.0,20.0,2368.4,2030,True
B43504A9337M,TDK,アルミニウム電解キャパシタ - スナップイン,アルミニウム電解キャパシタ - スナップイン 400VDC 330uF 20% PVC STD 6.3mm Term,3579 在庫,"¥1,890.8",,https://www.mouser.jp/ProductDetail/TDK/B43504A9337M?qs=JVlt8SiEC9Pys%2FwaPSWVgQ%3D%3D,330.0,400.0,20.0,1890.8,3579,True
B43510B9108M000,TDK,アルミニウム電解キャパシタ - スナップイン,アルミニウム電解キャパシタ - スナップイン 400VDC 1000uF 20% PVC STD 6.3mm Term,581 在庫,"¥5,615.4",,https://www.mouser.jp/ProductDetail/TDK/B43510B9108M000?qs=qNB1lZllYNqyjdMMsETG0A%3D%3D,1000.0,400.0,20.0,5615.4,581,True
MAL214699104E3,Vishay / BC Components,アルミニウム電解キャパシタ - SMD,アルミニウム電解キャパシタ - SMD 100uF 50V 20%,42284 在庫,¥337.4,,https://www.mouser.jp/ProductDetail/Vishay-BC-Components/MAL214699104E3?qs=Ep9Lwju7gVqvyEnQ0FJ4Qg%3D%3D,100.0,50.0,20.0,337.4,42284,True
MAL220215222E3,Vishay / BC Components,アルミニウム電解キャパシタ - ネジ端子,アルミニウム電解キャパシタ - ネジ端子 2200uF 350V 20% 50x105mm 85C 10000h,134 在庫,"¥12,326.1",,https://www.mouser.jp/ProductDetail/Vishay-BC-Components/MAL220215222E3?qs=By6Nw2ByBD0dfaPwvK6NEg%3D%3D,2200.0,350.0,20.0,12326.1,134,True
MAL215097101E3,Vishay / BC Components,アルミニウム電解キャパシタ - SMD,アルミニウム電解キャパシタ - SMD Very Low Z SMD (Chip) Aluminum Electrolytic Capacitor,108325 在庫,¥308.1,,https://www.mouser.jp/ProductDetail/Vishay-BC-Components/MAL215097101E3?qs=qmStTZH4TzkwnTxnKiPZ5g%3D%3D,,,,308.1,108325,True
ALH82A820CB550,KEMET,アルミニウム電解キャパシタ - スナップイン,アルミニウム電解キャパシタ - スナップイン 550 Volt 82 uF 105C,563 在庫,"¥1,444.2",https://www.mouser.com/datasheet/3/72/1/KEM_A4119_ALH82.pdf,https://www.mouser.jp/ProductDetail/KEMET/ALH82A820CB550?qs=IPgv5n7u5Qalh9RRsNiQTw%3D%3D,82.0,,,1444.2,563,True
MAL215099103E3,Vishay / BC Components,アルミニウム電解キャパシタ - SMD,アルミニウム電解キャパシタ - SMD 220uF 50V 20%,115483 在庫,¥435.2,,https://www.mouser.jp/ProductDetail/Vishay-BC-Components/MAL215099103E3?qs=9y2YoPkPyvaNNuuD%252BAyF3g%3D%3D,220.0,50.0,20.0,435.2,115483,True
MAL220212222E3,Vishay / BC Components,アルミニウム電解キャパシタ - ネジ端子,アルミニウム電解キャパシタ - ネジ端子 2200uF 200V 20% 35x105mm 85C 10000h,257 在庫,"¥6,961.7",,https://www.mouser.jp/ProductDetail/Vishay-BC-Components/MAL220212222E3?qs=By6Nw2ByBD3w4vuL8KZHnA%3D%3D,2200.0,200.0,20.0,6961.7,257,True
MAL214658221E3,Vishay / BC Components,アルミ電解コンデンサ - ラジアルリード,アルミ電解コンデンサ - ラジアルリード 220uF 63V 12.5x20mm 125C 3000h,918 在庫,¥480.9,,https://www.mouser.jp/ProductDetail/Vishay-BC-Components/MAL214658221E3?qs=oD%252BgjdMRx%252BXnrn2EiBUpTg%3D%3D,220.0,63.0,,480.9,918,True
REA1626330M450B,KYOCERA AVX,アルミ電解コンデンサ - ラジアルリード,アルミ電解コンデンサ - ラジアルリード 450V 33uF 1626 330mA,1498 在庫,¥316.2,,https://www.mouser.jp/ProductDetail/KYOCERA-AVX/REA1626330M450B?qs=Y0Uzf4wQF3m5qJWL79THaQ%3D%3D,33.0,450.0,,316.2,1498,True
REA1832680M450B,KYOCERA AVX,アルミ電解コンデンサ - ラジアルリード,アルミ電解コンデンサ - ラジアルリード 450V 68uF 1832 500mA,1108 在庫,¥547.7,,https://www.mouser.jp/ProductDetail/KYOCERA-AVX/REA1832680M450B?qs=Y0Uzf4wQF3kNQWpw%2FH%252BR4w%3D%3D,68.0,450.0,,547.7,1108,True
MAL225953221E3,Vishay / BC Components,アルミニウム電解キャパシタ - スナップイン,アルミニウム電解キャパシタ - スナップイン 220uF 250V 20% 105C 3000H 22x30mm,1563 在庫,¥979.6,,https://www.mouser.jp/ProductDetail/Vishay-BC-Components/MAL225953221E3?qs=r5DSvlrkXmICmqlC7bmYeg%3D%3D,220.0,250.0,20.0,979.6,1563,True
MAL204311221E3,Vishay / BC Components,アルミ電解コンデンサ-アキシャルリード,アルミ電解コンデンサ-アキシャルリード 85C,823 在庫,"¥1,369.2",,https://www.mouser.jp/ProductDetail/Vishay-BC-Components/MAL204311221E3?qs=G99oyVYclWVkV6ihJ7LmIw%3D%3D,,,,1369.2,823,True
MAL213656221E3,Vishay / BC Components,アルミ電解コンデンサ - ラジアルリード,アルミ電解コンデンサ - ラジアルリード 220uF 25V 20% 10 x 12,1047 在庫,¥280.4,,https://www.mouser.jp/ProductDetail/Vishay-BC-Components/MAL213656221E3?qs=aJI9t0tCUiUpfPuD9yYdPw%3D%3D,220.0,25.0,20.0,280.4,1047,True
REA1020331M050K,KYOCERA AVX,アルミ電解コンデンサ - ラジアルリード,アルミ電解コンデンサ - ラジアルリード ALUMINUM RADIAL,1197 在庫,¥150,,https://www.mouser.jp/ProductDetail/KYOCERA-AVX/REA1020331M050K?qs=Y0Uzf4wQF3m03Aa9rp6SMA%3D%3D,,,,150.0,1197,True
REA1020680M100K,KYOCERA AVX,アルミ電解コンデンサ - ラジアルリード,アルミ電解コンデンサ - ラジアルリード ALUMINUM RADIAL,1200 在庫,¥112.5,,https://www.mouser.jp/ProductDetail/KYOCERA-AVX/REA1020680M100K?qs=Y0Uzf4wQF3kLJerWkAuduw%3D%3D,,,,112.5,1200,True
REA1632470M400B,KYOCERA AVX,アルミ電解コンデンサ - ラジアルリード,アルミ電解コンデンサ - ラジアルリード 400V 47uF 1632 330mA,1518 在庫,¥358.6,,https://www.mouser.jp/ProductDetail/KYOCERA-AVX/REA1632470M400B?qs=Y0Uzf4wQF3mnL9kSmcQk0g%3D%3D,47.0,400.0,,358.6,1518,True
ALS32A822N5R350,KEMET,アルミニウム電解キャパシタ - ネジ端子,アルミニウム電解キャパシタ - ネジ端子 350V 8200uF 20% 85C 20000Hrs,53 在庫,"¥17,793.1",https://www.mouser.com/datasheet/3/72/1/ALS32A822N5R350.pdf,https://www.mouser.jp/ProductDetail/KEMET/ALS32A822N5R350?qs=9dva729kc%252BgXqSpbg9gx4A%3D%3D,8200.0,350.0,20.0,17793.1,53,True
MAL220212682E3,Vishay / BC Components,アルミニウム電解キャパシタ - ネジ端子,アルミニウム電解キャパシタ - ネジ端子 6800uF 200V 20% 50x105mm 85C 10000h,140 在庫,"¥12,321.2",,https://www.mouser.jp/ProductDetail/Vishay-BC-Components/MAL220212682E3?qs=By6Nw2ByBD1bC%2FeesnJ8lA%3D%3D,6800.0,200.0,20.0,12321.2,140,True
MAL203035151E3,Vishay / BC Components,アルミ電解コンデンサ-アキシャルリード,アルミ電解コンデンサ-アキシャルリード 85C,1765 在庫,¥401,,https://www.mouser.jp/ProductDetail/Vishay-BC-Components/MAL203035151E3?qs=4T%252B5yYZyZYeEbVoNvTMmKg%3D%3D,,,,401.0,1765,True
MAL215097001E3,Vishay / BC Components,アルミニウム電解キャパシタ - SMD,アルミニウム電解キャパシタ - SMD 220UF 35V 105C 3000H,43651 在庫,¥386.3,,https://www.mouser.jp/ProductDetail/Vishay-BC-Components/MAL215097001E3?qs=qmStTZH4TznrazWVrwNWmA%3D%3D,220.0,35.0,,386.3,43651,True
MAL205148103E3,Vishay / BC Components,アルミ電解コンデンサ - ラジアルリード,アルミ電解コンデンサ - ラジアルリード 10000 F 63V 40x40mm 85 C 12000h,180 在庫,"¥4,436.9",,https://www.mouser.jp/ProductDetail/Vishay-BC-Components/MAL205148103E3?qs=r0NmvwWPm2z6qW2pz31g%252BA%3D%3D,10000.0,63.0,,4436.9,180,True
MAL225966471E3,Vishay / BC Components,アルミニウム電解キャパシタ - スナップイン,アルミニウム電解キャパシタ - スナップイン 470uF 400V 20% 105C 3000H 35x35mm,675 在庫,"¥2,754.7",,https://www.mouser.jp/ProductDetail/Vishay-BC-Components/MAL225966471E3?qs=r5DSvlrkXmJ9zh5giZ1tYQ%3D%3D,470.0,400.0,20.0,2754.7,675,True
MAL225967221E3,Vishay / BC Components,アルミニウム電解キャパシタ - スナップイン,アルミニウム電解キャパシタ - スナップイン 220uF 450V 20% 105C 3000H 30x35mm,613 在庫,"¥1,411.6",,https://www.mouser.jp/ProductDetail/Vishay-BC-Components/MAL225967221E3?qs=r5DSvlrkXmIw4MrFx9HaNw%3D%3D,220.0,450.0,20.0,1411.6,613,True
MAL225957101E3,Vishay / BC Components,アルミニウム電解キャパシタ - スナップイン,アルミニウム電解キャパシタ - スナップイン 100uF 450V 20% 105C 3000H 22x30mm,862 在庫,"¥1,344.8",,https://www.mouser.jp/ProductDetail/Vishay-BC-Components/MAL225957101E3?qs=r5DSvlrkXmKYqS%2FXiJVE%2Fg%3D%3D,100.0,450.0,20.0,1344.8,862,True
ALS33A562N5R450,KEMET,アルミニウム電解キャパシタ - ネジ端子,アルミニウム電解キャパシタ - ネジ端子 450V 5600uF 20% 85C 20000Hrs,193 在庫,"¥10,888.4",https://www.mouser.com/datasheet/3/72/1/KEM_A4032_ALS32_33.pdf,https://www.mouser.jp/ProductDetail/KEMET/ALS33A562N5R450?qs=Ces2wY188b3dFTJaSUG%252BhA%3D%3D,5600.0,450.0,20.0,10888.4,193,True
MAL215296475E3,Vishay / BC Components,アルミ電解コンデンサ - ラジアルリード,アルミ電解コンデンサ - ラジアルリード 4.7uF 400V 10x12mm 105C 3000h,2270 在庫,¥254.3,,https://www.mouser.jp/ProductDetail/Vishay-BC-Components/MAL215296475E3?qs=qmStTZH4TzmNVgVqeo9B3w%3D%3D,4.7,400.0,,254.3,2270,True
MAL219357331E3,Vishay / BC Components,アルミニウム電解キャパシタ - スナップイン,アルミニウム電解キャパシタ - スナップイン 330uF 450V 35x35,632 在庫,"¥2,570.5",,https://www.mouser.jp/ProductDetail/Vishay-BC-Components/MAL219357331E3?qs=GedFDFLaBXFYlJIVG%252BoTvA%3D%3D,330.0,450.0,,2570.5,632,True
MAL214099812E3,Vishay / BC Components,アルミニウム電解キャパシタ - SMD,アルミニウム電解キャパシタ - SMD 220UF    63V    20%,1400 在庫,¥577,,https://www.mouser.jp/ProductDetail/Vishay-BC-Components/MAL214099812E3?qs=Ep9Lwju7gVrQmmz0RR3VBQ%3D%3D,220.0,63.0,20.0,577.0,1400,True
B43505C9227M000,TDK,アルミニウム電解キャパシタ - スナップイン,アルミニウム電解キャパシタ - スナップイン 400VDC 220uF 20% PVC STD 6.3mm Term,228 在庫,"¥2,189.1",https://www.mouser.com/catalog/specsheets/tdk_B41505__B43505.pdf,https://www.mouser.jp/ProductDetail/TDK/B43505C9227M000?qs=brqxNzf12%252BLlWe8Di8Njsg%3D%3D,220.0,400.0,20.0,2189.1,228,True
MAL224699708E3,Vishay / BC Components,アルミニウム電解キャパシタ - SMD,アルミニウム電解キャパシタ - SMD 220uF 80V 16x16x16mm 125C 2500h,225 在庫,¥798.7,,https://www.mouser.jp/ProductDetail/Vishay-BC-Components/MAL224699708E3?qs=cQ%252BZosJmp0Pox6pyC3Ig6A%3D%3D,220.0,80.0,,798.7,225,True
MAL215097904E3,Vishay / BC Components,アルミニウム電解キャパシタ - SMD,アルミニウム電解キャパシタ - SMD 33UF 100V 105C 3000H,23340 在庫,¥386.3,,https://www.mouser.jp/ProductDetail/Vishay-BC-Components/MAL215097904E3?qs=LPi%252B6n6Uj5NKbv7W8MBx6Q%3D%3D,33.0,100.0,,386.3,23340,True
REA1020100M400K,KYOCERA AVX,アルミ電解コンデンサ - ラジアルリード,アルミ電解コンデンサ - ラジアルリード ALUMINUM RADIAL,1200 在庫,¥112.5,,https://www.mouser.jp/ProductDetail/KYOCERA-AVX/REA1020100M400K?qs=Y0Uzf4wQF3lrGHOG3neisg%3D%3D,,,,112.5,1200,True
REA1020390M160K,KYOCERA AVX,アルミ電解コンデンサ - ラジアルリード,アルミ電解コンデンサ - ラジアルリード ALUMINUM RADIAL,1200 在庫,¥102.7,,https://www.mouser.jp/ProductDetail/KYOCERA-AVX/REA1020390M160K?qs=Y0Uzf4wQF3nFUPMTZPIJMQ%3D%3D,,,,102.7,1200,True
MAL225923122E3,Vishay / BC Components,アルミニウム電解キャパシタ - スナップイン,アルミニウム電解キャパシタ - スナップイン 1200uF 250V 20% 105C 3000H 35x40mm,550 在庫,"¥2,705.8",,https://www.mouser.jp/ProductDetail/Vishay-BC-Components/MAL225923122E3?qs=r5DSvlrkXmK8j0G1ngToOA%3D%3D,1200.0,250.0,20.0,2705.8,550,True
MAL225957331E3,Vishay / BC Components,アルミニウム電解キャパシタ - スナップイン,アルミニウム電解キャパシタ - スナップイン 330uF 450V 20% 105C 3000H 30x45mm,655 在庫,"¥2,725.4",,https://www.mouser.jp/ProductDetail/Vishay-BC-Components/MAL225957331E3?qs=r5DSvlrkXmIFXl6%252BB%252B7zpA%3D%3D,330.0,450.0,20.0,2725.4,655,True
MAL205058682E3,Vishay / BC Components,アルミニウム電解キャパシタ - スナップイン,アルミニウム電解キャパシタ - スナップイン 6800UF 63V,92 在庫,"¥4,267.3",,https://www.mouser.jp/ProductDetail/Vishay-BC-Components/MAL205058682E3?qs=G99oyVYclWUCyFFDqXmbHg%3D%3D,6800.0,63.0,,4267.3,92,True
B43612A5228M050,TDK,アルミニウム電解キャパシタ - スナップイン,"アルミニウム電解キャパシタ - スナップイン 450V, 2200uF (M), d45x90",17 在庫,"¥7,348",,https://www.mouser.jp/ProductDetail/TDK/B43612A5228M050?qs=Imq1NPwxi761dmIQsCMK8A%3D%3D,2200.0,450.0,,7348.0,17,True
ALS30A472NT500,KEMET,アルミニウム電解キャパシタ - ネジ端子,アルミニウム電解キャパシタ - ネジ端子 500volts 4700uF 85 deg C Screw Term,28 在庫,"¥22,883.6",https://www.mouser.com/datasheet/3/72/1/KEM_A4031_ALS30_31.pdf,https://www.mouser.jp/ProductDetail/KEMET/ALS30A472NT500?qs=P8MLx3uqQOh2a1JbgKCJqw%3D%3D,4700.0,,,22883.6,28,True
MAL214268222E3,Vishay / BC Components,アルミ電解コンデンサ - ラジアルリード,アルミ電解コンデンサ - ラジアルリード 2200 F 63V 18x40mm 105 C 2500h,866 在庫,¥947,,https://www.mouser.jp/ProductDetail/Vishay-BC-Components/MAL214268222E3?qs=Ep9Lwju7gVqJoPiXXXwWXA%3D%3D,2200.0,63.0,,947.0,866,True
MAL215056682E3,Vishay / BC Components,アルミ電解コンデンサ - ラジアルリード,アルミ電解コンデンサ - ラジアルリード 6800uF 25V 20%,743 在庫,"¥1,000.8",,https://www.mouser.jp/ProductDetail/Vishay-BC-Components/MAL215056682E3?qs=u16ybLDytRbvxR2xdQ5QFw%3D%3D,6800.0,25.0,20.0,1000.8,743,True
MAL219366471E3,Vishay / BC Components,アルミニウム電解キャパシタ - スナップイン,アルミニウム電解キャパシタ - スナップイン 470uF 400V 35x40,631 在庫,"¥2,639",,https://www.mouser.jp/ProductDetail/Vishay-BC-Components/MAL219366471E3?qs=GedFDFLaBXF1%252BqqAZlR1fQ%3D%3D,470.0,400.0,,2639.0,631,True
MAL215097102E3,Vishay / BC Components,アルミニウム電解キャパシタ - SMD,アルミニウム電解キャパシタ - SMD 220uF 50volts 20%,17485 在庫,¥428.7,,https://www.mouser.jp/ProductDetail/Vishay-BC-Components/MAL215097102E3?qs=qmStTZH4TznNa7zgwdGJWg%3D%3D,220.0,,20.0,428.7,17485,True
EDH106M250A9RAA,KEMET,アルミニウム電解キャパシタ - SMD,アルミニウム電解キャパシタ - SMD 250V 10uF 20%,3157 在庫,¥150,https://www.mouser.com/datasheet/3/72/1/EDH106M250A9RAA.pdf,https://www.mouser.jp/ProductDetail/KEMET/EDH106M250A9RAA?qs=E9QF1UCAUX55reBJyyPNhA%3D%3D,10.0,250.0,20.0,150.0,3157,True
MAL225977221E3,Vishay / BC Components,アルミニウム電解キャパシタ - スナップイン,アルミニウム電解キャパシタ - スナップイン 220uF 450V 20% 105C 3000H 35x30mm,388 在庫,"¥1,802.8",,https://www.mouser.jp/ProductDetail/Vishay-BC-Components/MAL225977221E3?qs=r5DSvlrkXmKLNa4uww8iiw%3D%3D,220.0,450.0,20.0,1802.8,388,True
MAL202114332E3,Vishay / BC Components,アルミ電解コンデンサ-アキシャルリード,アルミ電解コンデンサ-アキシャルリード 3300uF 10V 20% Axial,3747 在庫,¥793.8,,https://www.mouser.jp/ProductDetail/Vishay-BC-Components/MAL202114332E3?qs=h6IvWuaMtA7zZjkdO%2FT6kA%3D%3D,3300.0,10.0,20.0,793.8,3747,True
MAL203136101E3,Vishay / BC Components,アルミ電解コンデンサ-アキシャルリード,アルミ電解コンデンサ-アキシャルリード 85C,2046 在庫,¥401,,https://www.mouser.jp/ProductDetail/Vishay-BC-Components/MAL203136101E3?qs=4T%252B5yYZyZYencwGG7NHtHg%3D%3D,,,,401.0,2046,True
MAL210446152E3,Vishay / BC Components,アルミニウム電解キャパシタ - ネジ端子,アルミニウム電解キャパシタ - ネジ端子 1500uF 400V 20%105C 5000H 65x105,77 在庫,"¥17,750.7",,https://www.mouser.jp/ProductDetail/Vishay-BC-Components/MAL210446152E3?qs=Ep9Lwju7gVpymklwrk3tEQ%3D%3D,1500.0,400.0,20.0,17750.7,77,True
MAL213834102E3,Vishay / BC Components,アルミ電解コンデンサ-アキシャルリード,アルミ電解コンデンサ-アキシャルリード 1000uF 10V 20% Axial,933 在庫,¥681.3,,https://www.mouser.jp/ProductDetail/Vishay-BC-Components/MAL213834102E3?qs=cAZGeXF9iMqJwc1qsanNlQ%3D%3D,1000.0,10.0,20.0,681.3,933,True
MAL213834471E3,Vishay / BC Components,アルミ電解コンデンサ-アキシャルリード,アルミ電解コンデンサ-アキシャルリード 470uF 10V 20% Axial,1394 在庫,¥526.5,,https://www.mouser.jp/ProductDetail/Vishay-BC-Components/MAL213834471E3?qs=cAZGeXF9iMqunuWOcM%252BhSQ%3D%3D,470.0,10.0,20.0,526.5,1394,True
REA1016470M100K,KYOCERA AVX,アルミ電解コンデンサ - ラジアルリード,アルミ電解コンデンサ - ラジアルリード ALUMINUM RADIAL,1200 在庫,¥104.3,,https://www.mouser.jp/ProductDetail/KYOCERA-AVX/REA1016470M100K?qs=Y0Uzf4wQF3lEdLMyVRnceg%3D%3D,,,,104.3,1200,True
MAL225957471E3,Vishay / BC Components,アルミニウム電解キャパシタ - スナップイン,アルミニウム電解キャパシタ - スナップイン 470uF 450V 20% 105C 3000H 35x45mm,232 在庫,"¥3,168.7",,https://www.mouser.jp/ProductDetail/Vishay-BC-Components/MAL225957471E3?qs=r5DSvlrkXmJbXPXe4DlHow%3D%3D,470.0,450.0,20.0,3168.7,232,True
MAL215262479E3,Vishay / BC Components,アルミ電解コンデンサ - ラジアルリード,アルミ電解コンデンサ - ラジアルリード 200V 47uF 20% AEC-Q200,2320 在庫,¥420.5,,https://www.mouser.jp/ProductDetail/Vishay-BC-Components/MAL215262479E3?qs=qmStTZH4TzmmkS44BZuHJQ%3D%3D,47.0,200.0,20.0,420.5,2320,True
PEH169KH5150QB2,KEMET,アルミニウム電解キャパシタ - ネジ端子,アルミニウム電解キャパシタ - ネジ端子 40V 15000uF -10/30% 8000Hrs,192 在庫,"¥7,426.3",https://www.mouser.com/datasheet/3/72/1/KEM_A4038_PEH169_105C.pdf,https://www.mouser.jp/ProductDetail/KEMET/PEH169KH5150QB2?qs=P8MLx3uqQOgYj%2FsC7BlqTA%3D%3D,15000.0,40.0,30.0,7426.3,192,True
MAL203135221E3,Vishay / BC Components,アルミ電解コンデンサ-アキシャルリード,アルミ電解コンデンサ-アキシャルリード 220uF 16V,3635 在庫,¥343.9,,https://www.mouser.jp/ProductDetail/Vishay-BC-Components/MAL203135221E3?qs=4T%252B5yYZyZYdCTfsAS92uLQ%3D%3D,220.0,16.0,,343.9,3635,True
B41252A6129M000,TDK,アルミニウム電解キャパシタ - スナップイン,アルミニウム電解キャパシタ - スナップイン 50VDC 12000uF 20% PVC 6mm Terminals,450 在庫,"¥1,369.2",,https://www.mouser.jp/ProductDetail/TDK/B41252A6129M000?qs=f4aWRLuQiuzvQLOzcMUVng%3D%3D,12000.0,50.0,20.0,1369.2,450,True
B41458B9159M000,TDK,アルミニウム電解キャパシタ - ネジ端子,アルミニウム電解キャパシタ - ネジ端子 100VDC 15000uF 20% Threaded Stud Mount,68 在庫,"¥6,674.9",,https://www.mouser.jp/ProductDetail/TDK/B41458B9159M000?qs=DFkWJ3l%252BHdLBcUmgDr4I%252Bg%3D%3D,15000.0,100.0,20.0,6674.9,68,True
EDH107M100S9RAA,KEMET,アルミニウム電解キャパシタ - SMD,アルミニウム電解キャパシタ - SMD 100V 100uF 20% AEC-Q200,3458 在庫,¥414,https://www.mouser.com/datasheet/3/508/1/KEM_A4049_EDH.pdf,https://www.mouser.jp/ProductDetail/KEMET/EDH107M100S9RAA?qs=E9QF1UCAUX7HRr9sLM%252BbaA%3D%3D,100.0,100.0,20.0,414.0,3458,True
ALS70A272NJ630,KEMET,アルミニウム電解キャパシタ - ネジ端子,アルミニウム電解キャパシタ - ネジ端子 630V 2700uF 85C 77x105mm,91 在庫,"¥15,892.5",https://www.mouser.com/datasheet/3/72/1/KEM_A4075_ALS70_71.pdf,https://www.mouser.jp/ProductDetail/KEMET/ALS70A272NJ630?qs=W%2FMpXkg%252BdQ7AGDAA4RQ9Sg%3D%3D,2700.0,630.0,,15892.5,91,True
EDH106M025S9BAA,KEMET,アルミニウム電解キャパシタ - SMD,アルミニウム電解キャパシタ - SMD 25V 10uF 20% AEC-Q200,29952 在庫,¥37.5,https://www.mouser.com/datasheet/3/72/1/EDH106M025S9BAA.pdf,https://www.mouser.jp/ProductDetail/KEMET/EDH106M025S9BAA?qs=E9QF1UCAUX785Y%252BXxYbwvA%3D%3D,10.0,25.0,20.0,37.5,29952,True
MAL224699907E3,Vishay / BC Components,アルミニウム電解キャパシタ - SMD,アルミニウム電解キャパシタ - SMD 150uF 100V 16x16x16mm 125C 5000h,110 在庫,¥819.9,,https://www.mouser.jp/ProductDetail/Vishay-BC-Components/MAL224699907E3?qs=cQ%252BZosJmp0O7baikYzs%252BNQ%3D%3D,150.0,100.0,,819.9,110,True
EXV686M035A9HAA,KEMET,アルミニウム電解キャパシタ - SMD,アルミニウム電解キャパシタ - SMD 35V 68uF 20%,14763 在庫,¥78.2,https://www.mouser.com/datasheet/3/72/1/EXV686M035A9HAA.pdf,https://www.mouser.jp/ProductDetail/KEMET/EXV686M035A9HAA?qs=E9QF1UCAUX5pGLLn%2FKFKGA%3D%3D,68.0,35.0,20.0,78.2,14763,True
MAL202125102E3,Vishay / BC Components,アルミ電解コンデンサ-アキシャルリード,アルミ電解コンデンサ-アキシャルリード 1000uF 16V 20% Axial,840 在庫,¥564,,https://www.mouser.jp/ProductDetail/Vishay-BC-Components/MAL202125102E3?qs=4T%252B5yYZyZYe4ZkVaTAYofw%3D%3D,1000.0,16.0,20.0,564.0,840,True
MAL203656221E3,Vishay / BC Components,アルミ電解コンデンサ - ラジアルリード,"アルミ電解コンデンサ - ラジアルリード 220 F 25V 8,2x11mm 85 C 3000h",3879 在庫,¥262.4,,https://www.mouser.jp/ProductDetail/Vishay-BC-Components/MAL203656221E3?qs=4T%252B5yYZyZYdiQ1Y6QElc8A%3D%3D,220.0,25.0,,262.4,3879,True
MAL211655221E3,Vishay / BC Components,アルミ電解コンデンサ - ラジアルリード,アルミ電解コンデンサ - ラジアルリード 16V 220uF 20%,3684 在庫,¥273.8,,https://www.mouser.jp/ProductDetail/Vishay-BC-Components/MAL211655221E3?qs=pM1VCyfkp0ClvzPXUEA8VQ%3D%3D,220.0,16.0,20.0,273.8,3684,True
MAL202136151E3,Vishay / BC Components,アルミ電解コンデンサ-アキシャルリード,アルミ電解コンデンサ-アキシャルリード 150uF 25V 20% Axial,1968 在庫,¥430.3,,https://www.mouser.jp/ProductDetail/Vishay-BC-Components/MAL202136151E3?qs=34tG%252BOjeWOt0UNnb7yFEEQ%3D%3D,150.0,25.0,20.0,430.3,1968,True
MAL202135331E3,Vishay / BC Components,アルミ電解コンデンサ-アキシャルリード,アルミ電解コンデンサ-アキシャルリード 330uF 16V 20% Axial,1529 在庫,¥430.3,,https://www.mouser.jp/ProductDetail/Vishay-BC-Components/MAL202135331E3?qs=jxJUw0%2FAXLI0raBn0Le0Ww%3D%3D,330.0,16.0,20.0,430.3,1529,True
B43501A9477M007,TDK,アルミニウム電解キャパシタ - スナップイン,アルミニウム電解キャパシタ - スナップイン 400VDC 470uF 20% Short 4mm Term,170 在庫,"¥3,044.8",,https://www.mouser.jp/ProductDetail/TDK/B43501A9477M007?qs=qPUKiRLrJPF%252BpnQ5S8IzIA%3D%3D,470.0,400.0,20.0,3044.8,170,True
REA1020222M006K,KYOCERA AVX,アルミ電解コンデンサ - ラジアルリード,アルミ電解コンデンサ - ラジアルリード ALUMINUM RADIAL,1200 在庫,¥102.7,,https://www.mouser.jp/ProductDetail/KYOCERA-AVX/REA1020222M006K?qs=Y0Uzf4wQF3n0nklTfI%252BWWQ%3D%3D,,,,102.7,1200,True
B41252A4479M000,TDK,アルミニウム電解キャパシタ - スナップイン,アルミニウム電解キャパシタ - スナップイン 16VDC 47000uF 20% PVC 6mm Terminals,346 在庫,"¥1,294.2",,https://www.mouser.jp/ProductDetail/TDK/B41252A4479M000?qs=qPUKiRLrJPHR%2FLj0fUgFIw%3D%3D,47000.0,16.0,20.0,1294.2,346,True
REA1020100M350K,KYOCERA AVX,アルミ電解コンデンサ - ラジアルリード,アルミ電解コンデンサ - ラジアルリード ALUMINUM RADIAL,1200 在庫,¥141.8,,https://www.mouser.jp/ProductDetail/KYOCERA-AVX/REA1020100M350K?qs=Y0Uzf4wQF3mbh596zdVoRQ%3D%3D,,,,141.8,1200,True
865080545011,Wurth Elektronik,アルミニウム電解キャパシタ - SMD,アルミニウム電解キャパシタ - SMD WCAP-ASLI 68uF 35V 20% SMD/SMT,23836 在庫,¥55.4,,https://www.mouser.jp/ProductDetail/Wurth-Elektronik/865080545011?qs=0KOYDY2FL2%252BUWN8HP4Q2UA%3D%3D,68.0,35.0,20.0,55.4,23836,True
ALS70A332NP630,KEMET,アルミニウム電解キャパシタ - ネジ端子,アルミニウム電解キャパシタ - ネジ端子 630V 3300uF 85C 77x115mm,55 在庫,"¥18,963.4",https://www.mouser.com/datasheet/3/72/1/KEM_A4075_ALS70_71.pdf,https://www.mouser.jp/ProductDetail/KEMET/ALS70A332NP630?qs=W%2FMpXkg%252BdQ65vTduT%2FH8mA%3D%3D,3300.0,630.0,,18963.4,55,True
MAL224699712E3,Vishay / BC Components,アルミニウム電解キャパシタ - SMD,アルミニウム電解キャパシタ - SMD 470uF 80V 18x18x21 High Vibration,372 在庫,"¥1,410",,https://www.mouser.jp/ProductDetail/Vishay-BC-Components/MAL224699712E3?qs=b%252B2mHxW%2Fy4UoDwtyBiUWiA%3D%3D,470.0,80.0,,1410.0,372,True
TE1306-E3,Vishay / Sprague,アルミ電解コンデンサ-アキシャルリード,アルミ電解コンデンサ-アキシャルリード 50V 35uF,689 在庫,"¥1,057.9",,https://www.mouser.jp/ProductDetail/Vishay-Sprague/TE1306-E3?qs=j607B05hb72X1iaCV7AsgQ%3D%3D,35.0,50.0,,1057.9,689,True
TE1305-E3,Vishay / Sprague,アルミ電解コンデンサ-アキシャルリード,アルミ電解コンデンサ-アキシャルリード 50V 20uF,921 在庫,"¥1,033.4",,https://www.mouser.jp/ProductDetail/Vishay-Sprague/TE1305-E3?qs=F0bBuU9YDExuEh1QL4AhrA%3D%3D,20.0,50.0,,1033.4,921,True
MAL210437152E3,Vishay / BC Components,アルミニウム電解キャパシタ - ネジ端子,アルミニウム電解キャパシタ - ネジ端子 1500uF 450V 20%105C 5000H 65x105,113 在庫,"¥11,889.2",,https://www.mouser.jp/ProductDetail/Vishay-BC-Components/MAL210437152E3?qs=Ep9Lwju7gVrOqtK2nybaIw%3D%3D,1500.0,450.0,20.0,11889.2,113,True
EXV337M025A9PAA,KEMET,アルミニウム電解キャパシタ - SMD,アルミニウム電解キャパシタ - SMD 25V 330uF 20%,5735 在庫,¥89.7,https://www.mouser.com/datasheet/3/72/1/EXV337M025A9PAA.pdf,https://www.mouser.jp/ProductDetail/KEMET/EXV337M025A9PAA?qs=Z46kSA%2FmtFj9JyKmCyOjqg%3D%3D,330.0,25.0,20.0,89.7,5735,True
ALS36H333L4C075,KEMET,アルミニウム電解キャパシタ - ネジ端子,アルミニウム電解キャパシタ - ネジ端子 75V 0.033F -10/+30% 85C 19000Hrs,97 在庫,"¥10,727",https://www.mouser.com/datasheet/3/72/1/ALS36H333L4C075.pdf,https://www.mouser.jp/ProductDetail/KEMET/ALS36H333L4C075?qs=gt1LBUVyoHmudzM%252B21XNQQ%3D%3D,0.033,75.0,30.0,10727.0,97,True
MAL214271479E3,Vishay / BC Components,アルミ電解コンデンサ - ラジアルリード,"アルミ電解コンデンサ - ラジアルリード 47 F 50V 6,3x11mm 105 C 2500h",2613 在庫,¥76.6,,https://www.mouser.jp/ProductDetail/Vishay-BC-Components/MAL214271479E3?qs=Ep9Lwju7gVrdYyULewu6GA%3D%3D,47.0,50.0,,76.6,2613,True
EDH108M050S9TAA,KEMET,アルミニウム電解キャパシタ - SMD,アルミニウム電解キャパシタ - SMD 50V 1000uF 20% AEC-Q200,3166 在庫,¥387.9,https://www.mouser.com/datasheet/3/508/1/EDH108M050S9TAA.pdf,https://www.mouser.jp/ProductDetail/KEMET/EDH108M050S9TAA?qs=E9QF1UCAUX7SxWMyCBfAvA%3D%3D,1000.0,50.0,20.0,387.9,3166,True
MAL213635471E3,Vishay / BC Components,アルミ電解コンデンサ - ラジアルリード,アルミ電解コンデンサ - ラジアルリード 470uF 16V 20% 10 x 16,2467 在庫,¥303.2,,https://www.mouser.jp/ProductDetail/Vishay-BC-Components/MAL213635471E3?qs=aJI9t0tCUiXxgIxOlZ6PNg%3D%3D,470.0,16.0,20.0,303.2,2467,True
MAL219055222E3,Vishay / BC Components,アルミ電解コンデンサ - ラジアルリード,アルミ電解コンデンサ - ラジアルリード 2200uF 16V 20% 12.5 x 25,663 在庫,¥482.5,,https://www.mouser.jp/ProductDetail/Vishay-BC-Components/MAL219055222E3?qs=eP2BKZSCXI5jQF%252BmiDkT5g%3D%3D,2200.0,16.0,20.0,482.5,663,True
MAL202124102E3,Vishay / BC Components,アルミ電解コンデンサ-アキシャルリード,アルミ電解コンデンサ-アキシャルリード 1000uF 10V 20% Axial,1420 在庫,¥554.2,,https://www.mouser.jp/ProductDetail/Vishay-BC-Components/MAL202124102E3?qs=KQJA%252BRRrFWc2JJxulCxKmg%3D%3D,1000.0,10.0,20.0,554.2,1420,True
EXV106M035A9DAA,KEMET,アルミニウム電解キャパシタ - SMD,アルミニウム電解キャパシタ - SMD 35V 10uF 20%,36774 在庫,¥78.2,https://www.mouser.com/datasheet/3/72/1/EXV106M035A9DAA.pdf,https://www.mouser.jp/ProductDetail/KEMET/EXV106M035A9DAA?qs=Z46kSA%2FmtFjka%252BCUn3bIug%3D%3D,10.0,35.0,20.0,78.2,36774,True
MAL202118681E3,Vishay / BC Components,アルミ電解コンデンサ-アキシャルリード,アルミ電解コンデンサ-アキシャルリード 680uF 63V 20% Axial,1125 在庫,¥815,,https://www.mouser.jp/ProductDetail/Vishay-BC-Components/MAL202118681E3?qs=HIKTYMuL%252B9OAaEgT32%2FO8Q%3D%3D,680.0,63.0,20.0,815.0,1125,True
MAL202190548E3,Vishay / BC Components,アルミ電解コンデンサ-アキシャルリード,アルミ電解コンデンサ-アキシャルリード 15uF 100V 20% Axial,1818 在庫,¥430.3,,https://www.mouser.jp/ProductDetail/Vishay-BC-Components/MAL202190548E3?qs=KQJA%252BRRrFWd8l1pxAoj3DQ%3D%3D,15.0,100.0,20.0,430.3,1818,True
MAL202137151E3,Vishay / BC Components,アルミ電解コンデンサ-アキシャルリード,アルミ電解コンデンサ-アキシャルリード 150uF 40V 20% Axial,1949 在庫,¥482.5,,https://www.mouser.jp/ProductDetail/Vishay-BC-Components/MAL202137151E3?qs=hMvNqCV5SUZ5SuPRLC8dfw%3D%3D,150.0,40.0,20.0,482.5,1949,True
MAL202139159E3,Vishay / BC Components,アルミ電解コンデンサ-アキシャルリード,アルミ電解コンデンサ-アキシャルリード 15uF 100V 20% Axial,1609 在庫,¥440.1,,https://www.mouser.jp/ProductDetail/Vishay-BC-Components/MAL202139159E3?qs=hMvNqCV5SUaw2iDre377Ew%3D%3D,15.0,100.0,20.0,440.1,1609,True
MAL219357471E3,Vishay / BC Components,アルミニウム電解キャパシタ - スナップイン,アルミニウム電解キャパシタ - スナップイン 470uF 450V 35x50,432 在庫,"¥3,348",,https://www.mouser.jp/ProductDetail/Vishay-BC-Components/MAL219357471E3?qs=GedFDFLaBXHGPbG7as%2FOlA%3D%3D,470.0,450.0,,3348.0,432,True
MAL215299701E3,Vishay / BC Components,アルミニウム電解キャパシタ - SMD,アルミニウム電解キャパシタ - SMD 2.2UF   450V    20%,9978 在庫,¥303.2,,https://www.mouser.jp/ProductDetail/Vishay-BC-Components/MAL215299701E3?qs=xZ%2FP%252Ba9zWqbvYw9n9k4CbQ%3D%3D,2.2,450.0,20.0,303.2,9978,True
PEH169PH447VMB2,KEMET,アルミニウム電解キャパシタ - ネジ端子,アルミニウム電解キャパシタ - ネジ端子 100V 4700uF 20% 17000Hrs,84 在庫,"¥8,039.2",https://www.mouser.com/datasheet/3/72/1/KEM_A4035_PEH169_85C.pdf,https://www.mouser.jp/ProductDetail/KEMET/PEH169PH447VMB2?qs=SvuCqwVNuzW6GK6mwgkJKw%3D%3D,4700.0,100.0,20.0,8039.2,84,True
ALS80C124NF063,KEMET,アルミニウム電解キャパシタ - ネジ端子,アルミニウム電解キャパシタ - ネジ端子 63V 120000uF 20% 9000Hrs,36 在庫,"¥12,903.1",https://www.mouser.com/datasheet/3/72/1/KEM_A4076_ALS80_81.pdf,https://www.mouser.jp/ProductDetail/KEMET/ALS80C124NF063?qs=AQlKX63v8RuorQ5xLsDvLQ%3D%3D,120000.0,63.0,20.0,12903.1,36,True
ELH687M450AT8AA,KEMET,アルミニウム電解キャパシタ - スナップイン,アルミニウム電解キャパシタ - スナップイン 680uF 450V 20% 85C Snap in 35x60,534 在庫,"¥2,616.2",https://www.mouser.com/datasheet/3/72/1/ELH687M450AT8AA.pdf,https://www.mouser.jp/ProductDetail/KEMET/ELH687M450AT8AA?qs=907G%252Bm7SbTuK%252BKBsPX9ssw%3D%3D,680.0,450.0,20.0,2616.2,534,True
EEV108M010A9PAA,KEMET,アルミニウム電解キャパシタ - SMD,アルミニウム電解キャパシタ - SMD 10V 1000uF 20% 80 mOhms,13259 在庫,¥143.4,https://www.mouser.com/datasheet/3/508/1/EEV108M010A9PAA.pdf,https://www.mouser.jp/ProductDetail/KEMET/EEV108M010A9PAA?qs=T9vdlufmP8wsfGJIh8Ffdg%3D%3D,1000.0,10.0,20.0,143.4,13259,True
ELG478M063AR6AA,KEMET,アルミニウム電解キャパシタ - スナップイン,アルミニウム電解キャパシタ - スナップイン 63V 4700uF 20% 105C 2000Hrs,711 在庫,¥860.6,https://www.mouser.com/datasheet/3/72/1/KEM_A4021_ELG.pdf,https://www.mouser.jp/ProductDetail/KEMET/ELG478M063AR6AA?qs=KFnARfWiB%252BuUG6SZzv660w%3D%3D,4700.0,63.0,20.0,860.6,711,True
MAL215956121E3,Vishay / BC Components,アルミニウム電解キャパシタ - スナップイン,アルミニウム電解キャパシタ - スナップイン 120uF 400V 25x30mm,602 在庫,"¥1,869.6",,https://www.mouser.jp/ProductDetail/Vishay-BC-Components/MAL215956121E3?qs=R62HgyKaTt8HFjDDbv7d%252BA%3D%3D,120.0,400.0,,1869.6,602,True
TE1302-E3,Vishay,アルミ電解コンデンサ-アキシャルリード,アルミ電解コンデンサ-アキシャルリード 3uF 50V +75% -10%,757 在庫,¥921,,https://www.mouser.jp/ProductDetail/Vishay/TE1302-E3?qs=F0bBuU9YDEx3qBJ%2FW%2Fn%2FIA%3D%3D,3.0,50.0,75.0,921.0,757,True
865060557008,Wurth Elektronik,アルミニウム電解キャパシタ - SMD,アルミニウム電解キャパシタ - SMD WCAP-ASLL 220uF 35V 20% SMD/SMT,8033 在庫,¥171.2,,https://www.mouser.jp/ProductDetail/Wurth-Elektronik/865060557008?qs=0KOYDY2FL28oI1cX4lk%252BIg%3D%3D,220.0,35.0,20.0,171.2,8033,True
860240975001,Wurth Elektronik,アルミ電解コンデンサ - ラジアルリード,アルミ電解コンデンサ - ラジアルリード WCAP-AT1H 10uF 160V 20%,2478 在庫,¥125.5,,https://www.mouser.jp/ProductDetail/Wurth-Elektronik/860240975001?qs=amGC7iS6iy%2FKoN%252BD0pVtrg%3D%3D,10.0,160.0,20.0,125.5,2478,True
B43505A9337M000,TDK,アルミニウム電解キャパシタ - スナップイン,アルミニウム電解キャパシタ - スナップイン 400VDC 330uF 20% PVC STD 6.3mm Term,316 在庫,"¥2,231.5",https://www.mouser.com/catalog/specsheets/tdk_B41505__B43505.pdf,https://www.mouser.jp/ProductDetail/TDK/B43505A9337M000?qs=brqxNzf12%252BLtqES8bItugQ%3D%3D,330.0,400.0,20.0,2231.5,316,True
MAL213819689E3,Vishay / BC Components,アルミ電解コンデンサ-アキシャルリード,アルミ電解コンデンサ-アキシャルリード 68uF 100V 20% Axial,1811 在庫,¥604.7,,https://www.mouser.jp/ProductDetail/Vishay-BC-Components/MAL213819689E3?qs=cNeEOuFtP2iQrrzxNb%252B3fw%3D%3D,68.0,100.0,20.0,604.7,1811,True
MAL213817332E3,Vishay / BC Components,アルミ電解コンデンサ-アキシャルリード,アルミ電解コンデンサ-アキシャルリード 3300uF 40V 20% Axial,660 在庫,"¥1,181.8",,https://www.mouser.jp/ProductDetail/Vishay-BC-Components/MAL213817332E3?qs=cAZGeXF9iMoZfCOY64haWQ%3D%3D,3300.0,40.0,20.0,1181.8,660,True
REF1625562M010B,KYOCERA AVX,アルミ電解コンデンサ - ラジアルリード,アルミ電解コンデンサ - ラジアルリード 10V 5600uF 1625 20% Radial,254 在庫,¥313,,https://www.mouser.jp/ProductDetail/KYOCERA-AVX/REF1625562M010B?qs=Y0Uzf4wQF3k%252Bdc3EzCB%2F2Q%3D%3D,5600.0,10.0,20.0,313.0,254,True
REH1625470M400B,KYOCERA AVX,アルミ電解コンデンサ - ラジアルリード,アルミ電解コンデンサ - ラジアルリード 400V 47uF 1625 20% R adial,469 在庫,¥454.8,,https://www.mouser.jp/ProductDetail/KYOCERA-AVX/REH1625470M400B?qs=Y0Uzf4wQF3ndOtSwy9OZkQ%3D%3D,47.0,400.0,20.0,454.8,469,True
EXV337M016A9MAA,KEMET,アルミニウム電解キャパシタ - SMD,アルミニウム電解キャパシタ - SMD 16V 330uF 20%,6109 在庫,¥130.4,https://www.mouser.com/datasheet/3/72/1/KEM_A4003_EXV.pdf,https://www.mouser.jp/ProductDetail/KEMET/EXV337M016A9MAA?qs=E9QF1UCAUX6sNSHebiU6kg%3D%3D,330.0,16.0,20.0,130.4,6109,True
EXV227M025A9MAA,KEMET,アルミニウム電解キャパシタ - SMD,アルミニウム電解キャパシタ - SMD 25V 220uF 20%,7154 在庫,¥161.4,https://www.mouser.com/datasheet/3/508/1/EXV227M025A9MAA.pdf,https://www.mouser.jp/ProductDetail/KEMET/EXV227M025A9MAA?qs=Z46kSA%2FmtFjcV3jExUs8Iw%3D%3D,220.0,25.0,20.0,161.4,7154,True
ALS30A222MF350,KEMET,アルミニウム電解キャパシタ - ネジ端子,アルミニウム電解キャパシタ - ネジ端子 350volts 2200uF 20%,74 在庫,"¥7,661",https://www.mouser.com/datasheet/3/72/1/KEM_A4031_ALS30_31.pdf,https://www.mouser.jp/ProductDetail/KEMET/ALS30A222MF350?qs=P8MLx3uqQOhRVZiVHTVlhw%3D%3D,2200.0,,20.0,7661.0,74,True
EEV-FK1E102V,Panasonic,アルミニウム電解キャパシタ - SMD,アルミニウム電解キャパシタ - SMD 25VDC 1000uF 20% Anti-Vibe AEC-Q200,6919 在庫,¥270.6,,https://www.mouser.jp/ProductDetail/Panasonic/EEV-FK1E102V?qs=SsWZTgbPiDBvkQCDkKJHlg%3D%3D,1000.0,25.0,20.0,270.6,6919,True
MAL203137479E3,Vishay / BC Components,アルミ電解コンデンサ-アキシャルリード,"アルミ電解コンデンサ-アキシャルリード 47uF 40V -10%,+50% Axial",2520 在庫,¥386.3,,https://www.mouser.jp/ProductDetail/Vishay-BC-Components/MAL203137479E3?qs=4T%252B5yYZyZYfykDjdIIQN0w%3D%3D,47.0,40.0,10.0,386.3,2520,True
MAL210425472E3,Vishay / BC Components,アルミニウム電解キャパシタ - ネジ端子,アルミニウム電解キャパシタ - ネジ端子 4700uF 350V 20% 105C 5000H 76X146,64 在庫,"¥27,106.9",,https://www.mouser.jp/ProductDetail/Vishay-BC-Components/MAL210425472E3?qs=A8YJ4olPTF4cPpU%252BLuJgpA%3D%3D,4700.0,350.0,20.0,27106.9,64,True
B43703A4478M000,TDK,アルミニウム電解キャパシタ - ネジ端子,アルミニウム電解キャパシタ - ネジ端子 350VDC 4700uF 20% Ring clip/clamp mnt (clamp not included),27 在庫,"¥15,344.8",,https://www.mouser.jp/ProductDetail/TDK/B43703A4478M000?qs=W0yvOO0ixfHgx9OdqoxDww%3D%3D,4700.0,350.0,20.0,15344.8,27,True
B43508A5477M000,TDK,アルミニウム電解キャパシタ - スナップイン,アルミニウム電解キャパシタ - スナップイン 450VDC 470uF 20% PVC STD 6.3mm Term,319 在庫,"¥3,015.5",,https://www.mouser.jp/ProductDetail/TDK/B43508A5477M000?qs=qPUKiRLrJPFzjHrCUZHmfg%3D%3D,470.0,450.0,20.0,3015.5,319,True
ALC70A561DE400,KEMET,アルミニウム電解キャパシタ - スナップイン,アルミニウム電解キャパシタ - スナップイン 400V 560uF 20% 15000Hrs,695 在庫,"¥1,929.9",https://www.mouser.com/datasheet/3/508/1/KEM_A4081_ALC70.pdf,https://www.mouser.jp/ProductDetail/KEMET/ALC70A561DE400?qs=yqaQSyyJnNiuDfcV7jRYZg%3D%3D,560.0,400.0,20.0,1929.9,695,True
EXV475M035A9BAA,KEMET,アルミニウム電解キャパシタ - SMD,アルミニウム電解キャパシタ - SMD 35V 4.7uF 20%,27116 在庫,¥68.5,https://www.mouser.com/datasheet/3/72/1/EXV475M035A9BAA.pdf,https://www.mouser.jp/ProductDetail/KEMET/EXV475M035A9BAA?qs=E9QF1UCAUX51FYq3xnG%2FcA%3D%3D,4.7,35.0,20.0,68.5,27116,True
EDH226M016S9BAA,KEMET,アルミニウム電解キャパシタ - SMD,アルミニウム電解キャパシタ - SMD 16V 22uF 20% AEC-Q200,33959 在庫,¥32.6,https://www.mouser.com/datasheet/3/72/1/EDH226M016S9BAA.pdf,https://www.mouser.jp/ProductDetail/KEMET/EDH226M016S9BAA?qs=E9QF1UCAUX7nxIYoqFIcRw%3D%3D,22.0,16.0,20.0,32.6,33959,True
EDH225M050A9BAA,KEMET,アルミニウム電解キャパシタ - SMD,アルミニウム電解キャパシタ - SMD 50V 2.2uF 20%,39670 在庫,¥40.8,https://www.mouser.com/datasheet/3/72/1/EDH225M050A9BAA.pdf,https://www.mouser.jp/ProductDetail/KEMET/EDH225M050A9BAA?qs=E9QF1UCAUX6%2Fo0GFOSNPIQ%3D%3D,2.2,50.0,20.0,40.8,39670,True
B43547E2227M000,TDK,アルミニウム電解キャパシタ - スナップイン,アルミニウム電解キャパシタ - スナップイン 250VDC 220uF 20% PVC STD 6.3mm Term,1152 在庫,¥956.8,,https://www.mouser.jp/ProductDetail/TDK/B43547E2227M000?qs=OiaALIbqWFQKYWIsj6VcUw%3D%3D,220.0,250.0,20.0,956.8,1152,True
MAL205658222E3,Vishay / BC Components,アルミニウム電解キャパシタ - スナップイン,アルミニウム電解キャパシタ - スナップイン 2200uF 63V 25x30mm,468 在庫,"¥1,566.4",,https://www.mouser.jp/ProductDetail/Vishay-BC-Components/MAL205658222E3?qs=r0NmvwWPm2zWbmyOV%2FOX9g%3D%3D,2200.0,63.0,,1566.4,468,True
MAL211815222E3,Vishay / BC Components,アルミ電解コンデンサ-アキシャルリード,アルミ電解コンデンサ-アキシャルリード 2200uF 20% 16volts,612 在庫,"¥1,100.3",,https://www.mouser.jp/ProductDetail/Vishay-BC-Components/MAL211815222E3?qs=pM1VCyfkp0AEfCU8E2fhdw%3D%3D,2200.0,,20.0,1100.3,612,True
MAL215936151E3,Vishay / BC Components,アルミニウム電解キャパシタ - スナップイン,アルミニウム電解キャパシタ - スナップイン 400V 150uF 20%,368 在庫,"¥2,058.7",,https://www.mouser.jp/ProductDetail/Vishay-BC-Components/MAL215936151E3?qs=R62HgyKaTt%2FEzcR%2FOxokMw%3D%3D,150.0,400.0,20.0,2058.7,368,True
MAL214638101E3,Vishay / BC Components,アルミ電解コンデンサ - ラジアルリード,アルミ電解コンデンサ - ラジアルリード 63V 100uF 20% AEC-Q200,3076 在庫,¥334.2,,https://www.mouser.jp/ProductDetail/Vishay-BC-Components/MAL214638101E3?qs=oD%252BgjdMRx%252BWRatwtj3S%252BTw%3D%3D,100.0,63.0,20.0,334.2,3076,True
MAL215099614E3,Vishay / BC Components,アルミニウム電解キャパシタ - SMD,アルミニウム電解キャパシタ - SMD 1000uF 25V 12.5x12.5x16mm 105C 5000h,879 在庫,¥580.3,,https://www.mouser.jp/ProductDetail/Vishay-BC-Components/MAL215099614E3?qs=Ep9Lwju7gVoIFk6pL%2F9ieQ%3D%3D,1000.0,25.0,,580.3,879,True
MAL215236109E3,Vishay / BC Components,アルミ電解コンデンサ - ラジアルリード,アルミ電解コンデンサ - ラジアルリード 400V 10uF 20% AEC-Q200,2012 在庫,¥387.9,,https://www.mouser.jp/ProductDetail/Vishay-BC-Components/MAL215236109E3?qs=qmStTZH4TznIDP9mbhT0JA%3D%3D,10.0,400.0,20.0,387.9,2012,True
MAL205358221E3,Vishay / BC Components,アルミ電解コンデンサ - ラジアルリード,アルミ電解コンデンサ - ラジアルリード 220uF 385V,374 在庫,"¥2,707.4",,https://www.mouser.jp/ProductDetail/Vishay-BC-Components/MAL205358221E3?qs=r0NmvwWPm2xpE8oCC286QA%3D%3D,220.0,385.0,,2707.4,374,True
865230457007,Wurth Elektronik,アルミニウム電解キャパシタ - SMD,アルミニウム電解キャパシタ - SMD WCAP-AS5H 220uF 25V 20% SMD/SMT,4145 在庫,¥159.7,,https://www.mouser.jp/ProductDetail/Wurth-Elektronik/865230457007?qs=0KOYDY2FL2%2F%2FS4zxOqhpYA%3D%3D,220.0,25.0,20.0,159.7,4145,True
861111485030,Wurth Elektronik,アルミニウム電解キャパシタ - スナップイン,アルミニウム電解キャパシタ - スナップイン WCAP-AIL5 470uF 450V 20% Snap In,475 在庫,"¥2,052.2",,https://www.mouser.jp/ProductDetail/Wurth-Elektronik/861111485030?qs=0KOYDY2FL29DdYedHyDvZQ%3D%3D,470.0,450.0,20.0,2052.2,475,True
B43505A9107M002,TDK,アルミニウム電解キャパシタ - スナップイン,アルミニウム電解キャパシタ - スナップイン 400VDC 100uF 20% PVC 3 Terms 4.5mm,496 在庫,"¥1,033.4",https://www.mouser.com/catalog/specsheets/tdk_B41505__B43505.pdf,https://www.mouser.jp/ProductDetail/TDK/B43505A9107M002?qs=f4aWRLuQiuxffQcmbKLXfA%3D%3D,100.0,400.0,20.0,1033.4,496,True
865060543005,Wurth Elektronik,アルミニウム電解キャパシタ - SMD,アルミニウム電解キャパシタ - SMD WCAP-ASLL 47uF 35V 20% SMD/SMT,35886 在庫,¥53.8,,https://www.mouser.jp/ProductDetail/Wurth-Elektronik/865060543005?qs=0KOYDY2FL29pKd1yRWsrOw%3D%3D,47.0,35.0,20.0,53.8,35886,True
REH1620681M050B,KYOCERA AVX,アルミ電解コンデンサ - ラジアルリード,アルミ電解コンデンサ - ラジアルリード 50V 680uF 1620 20% R adial,440 在庫,¥308.1,,https://www.mouser.jp/ProductDetail/KYOCERA-AVX/REH1620681M050B?qs=Y0Uzf4wQF3mmFwK4W9Vniw%3D%3D,680.0,50.0,20.0,308.1,440,True
ELH227M400AS2AV,KEMET,アルミニウム電解キャパシタ - スナップイン,アルミニウム電解キャパシタ - スナップイン 400V 220uF 20% 85C Radial,686 在庫,¥991,https://www.mouser.com/datasheet/3/72/1/ELH227M400AS2AV.pdf,https://www.mouser.jp/ProductDetail/KEMET/ELH227M400AS2AV?qs=gt1LBUVyoHkpN%252BwKS%2FOtFw%3D%3D,220.0,400.0,20.0,991.0,686,True
MAL203037159E3,Vishay / BC Components,アルミ電解コンデンサ-アキシャルリード,アルミ電解コンデンサ-アキシャルリード 40V 15uF 20%,2961 在庫,¥295,,https://www.mouser.jp/ProductDetail/Vishay-BC-Components/MAL203037159E3?qs=4T%252B5yYZyZYfec1H5DEl9vw%3D%3D,15.0,40.0,20.0,295.0,2961,True
MAL225742102E3,Vishay / BC Components,アルミニウム電解キャパシタ - スナップイン,アルミニウム電解キャパシタ - スナップイン 1000uF 200V 25x45mm,540 在庫,"¥1,613.7",,https://www.mouser.jp/ProductDetail/Vishay-BC-Components/MAL225742102E3?qs=xZ%2FP%252Ba9zWqb4PdE8CFwP7Q%3D%3D,1000.0,200.0,,1613.7,540,True
MAL214699101E3,Vishay / BC Components,アルミニウム電解キャパシタ - SMD,アルミニウム電解キャパシタ - SMD 47uF 50V 20%,10119 在庫,¥448.3,,https://www.mouser.jp/ProductDetail/Vishay-BC-Components/MAL214699101E3?qs=Ep9Lwju7gVqdVUjofflGAQ%3D%3D,47.0,50.0,20.0,448.3,10119,True
MAL214050102E3,Vishay / BC Components,アルミ電解コンデンサ - ラジアルリード,アルミ電解コンデンサ - ラジアルリード 1000uF 35V 20% Radial,895 在庫,¥725.4,,https://www.mouser.jp/ProductDetail/Vishay-BC-Components/MAL214050102E3?qs=aJI9t0tCUiXQ%2FGA5gVUIVg%3D%3D,1000.0,35.0,20.0,725.4,895,True
MAL213826221E3,Vishay / BC Components,アルミ電解コンデンサ-アキシャルリード,アルミ電解コンデンサ-アキシャルリード 220uF 25V 20% Axial,1646 在庫,¥598.2,,https://www.mouser.jp/ProductDetail/Vishay-BC-Components/MAL213826221E3?qs=cAZGeXF9iMo8SEW3rjSOGw%3D%3D,220.0,25.0,20.0,598.2,1646,True
MAL202134221E3,Vishay / BC Components,アルミ電解コンデンサ-アキシャルリード,アルミ電解コンデンサ-アキシャルリード 220uF 10V 20% Axial,3897 在庫,¥277.1,,https://www.mouser.jp/ProductDetail/Vishay-BC-Components/MAL202134221E3?qs=guUVZXnex6cUoyOcRWE07g%3D%3D,220.0,10.0,20.0,277.1,3897,True
MAL202116102E3,Vishay / BC Components,アルミ電解コンデンサ-アキシャルリード,アルミ電解コンデンサ-アキシャルリード 1000uF 25V 20% Axial,1126 在庫,¥712.3,,https://www.mouser.jp/ProductDetail/Vishay-BC-Components/MAL202116102E3?qs=IODwLvXzwT1Hb3sKaskJ2A%3D%3D,1000.0,25.0,20.0,712.3,1126,True
MAL202137331E3,Vishay / BC Components,アルミ電解コンデンサ-アキシャルリード,アルミ電解コンデンサ-アキシャルリード 330uF 40V 20% Axial,2353 在庫,¥668.3,,https://www.mouser.jp/ProductDetail/Vishay-BC-Components/MAL202137331E3?qs=cR7Qvk1oinnuxxmahVkuEQ%3D%3D,330.0,40.0,20.0,668.3,2353,True
MAL202138339E3,Vishay / BC Components,アルミ電解コンデンサ-アキシャルリード,アルミ電解コンデンサ-アキシャルリード 33uF 63V 20% Axial,8442 在庫,¥365.1,,https://www.mouser.jp/ProductDetail/Vishay-BC-Components/MAL202138339E3?qs=hMvNqCV5SUb888dzd%2FdP8A%3D%3D,33.0,63.0,20.0,365.1,8442,True
EXV476M025A9GAA,KEMET,アルミニウム電解キャパシタ - SMD,アルミニウム電解キャパシタ - SMD 25V 47uF 20%,25135 在庫,¥57.1,https://www.mouser.com/datasheet/3/508/1/EXV476M025A9GAA.pdf,https://www.mouser.jp/ProductDetail/KEMET/EXV476M025A9GAA?qs=Z46kSA%2FmtFiATCiTFCtQdA%3D%3D,47.0,25.0,20.0,57.1,25135,True
ALS70A202KE400,KEMET,アルミニウム電解キャパシタ - ネジ端子,アルミニウム電解キャパシタ - ネジ端子 400V 2000uF 20% 18000Hrs,81 在庫,"¥5,343.1",https://www.mouser.com/datasheet/3/72/1/KEM_A4075_ALS70_71.pdf,https://www.mouser.jp/ProductDetail/KEMET/ALS70A202KE400?qs=AQlKX63v8Ru2%2FlsAO8UeSQ%3D%3D,2000.0,400.0,20.0,5343.1,81,True
EDH108M035S9TAA,KEMET,アルミニウム電解キャパシタ - SMD,アルミニウム電解キャパシタ - SMD 35V 1KuF AEC-Q200 20% 105C/2K Hours,2581 在庫,¥386.3,https://www.mouser.com/datasheet/3/508/1/KEM_A4049_EDH.pdf,https://www.mouser.jp/ProductDetail/KEMET/EDH108M035S9TAA?qs=E9QF1UCAUX6ALPZxnjZKnA%3D%3D,1.0,35.0,20.0,386.3,2581,True
ALS30A682DF100,KEMET,アルミニウム電解キャパシタ - ネジ端子,アルミニウム電解キャパシタ - ネジ端子 100volts 6800uF 20%,103 在庫,"¥4,291.8",https://www.mouser.com/datasheet/3/72/1/ALS30A682DF100.pdf,https://www.mouser.jp/ProductDetail/KEMET/ALS30A682DF100?qs=P8MLx3uqQOiWt1o0gUzQIQ%3D%3D,6800.0,,20.0,4291.8,103,True
ALS31A471DF450,KEMET,アルミニウム電解キャパシタ - ネジ端子,アルミニウム電解キャパシタ - ネジ端子 470uF 450VDC 20%,137 在庫,"¥3,709.9",https://www.mouser.com/datasheet/3/72/1/KEM_A4031_ALS30_31.pdf,https://www.mouser.jp/ProductDetail/KEMET/ALS31A471DF450?qs=4efEf%2FjP6omQgxRHR%2FOfNw%3D%3D,470.0,450.0,20.0,3709.9,137,True
ELH477M400AT4AA,KEMET,アルミニウム電解キャパシタ - スナップイン,アルミニウム電解キャパシタ - スナップイン 470uF 400V 20% 85C Snap in 35x40,831 在庫,"¥1,475.2",https://www.mouser.com/datasheet/3/72/1/ELH477M400AT4AA.pdf,https://www.mouser.jp/ProductDetail/KEMET/ELH477M400AT4AA?qs=Z46kSA%2FmtFg9A30a9RUNyg%3D%3D,470.0,400.0,20.0,1475.2,831,True
ELH109M050AS5AA,KEMET,アルミニウム電解キャパシタ - スナップイン,アルミニウム電解キャパシタ - スナップイン 10000uF 50V 20% 85C Snap in 30x45,1358 在庫,¥976.4,https://www.mouser.com/datasheet/3/72/1/ELH109M050AS5AA.pdf,https://www.mouser.jp/ProductDetail/KEMET/ELH109M050AS5AA?qs=Z46kSA%2FmtFiWXcFHdggLBQ%3D%3D,10000.0,50.0,20.0,976.4,1358,True
MAL202124471E3,Vishay / BC Components,アルミ電解コンデンサ-アキシャルリード,アルミ電解コンデンサ-アキシャルリード 470uF 10V 20% Axial,2132 在庫,¥443.4,,https://www.mouser.jp/ProductDetail/Vishay-BC-Components/MAL202124471E3?qs=hMvNqCV5SUaiZmQYPDntAQ%3D%3D,470.0,10.0,20.0,443.4,2132,True
MAL211829109E3,Vishay / BC Components,アルミ電解コンデンサ-アキシャルリード,アルミ電解コンデンサ-アキシャルリード 100V 10uF 20%,1531 在庫,¥681.3,,https://www.mouser.jp/ProductDetail/Vishay-BC-Components/MAL211829109E3?qs=pM1VCyfkp0CZWxUdkcej0w%3D%3D,10.0,100.0,20.0,681.3,1531,True
A958AL112M800S,KEMET,アルミニウム電解キャパシタ - ネジ端子,アルミニウム電解キャパシタ - ネジ端子 800V 1100uF 20% 9KHr -40/105C ESR=125mOhms,16 在庫,"¥16,940.6",https://www.mouser.com/datasheet/3/508/1/KEM_A4109_A958.pdf,https://www.mouser.jp/ProductDetail/KEMET/A958AL112M800S?qs=vvQtp7zwQdPdQC78gjFd7w%3D%3D,1100.0,800.0,20.0,16940.6,16,True
B43545B5397M000,TDK,アルミニウム電解キャパシタ - スナップイン,アルミニウム電解キャパシタ - スナップイン 450VDC 390uF 20% PVC STD 6.3mm Term,999 在庫,"¥2,357",,https://www.mouser.jp/ProductDetail/TDK/B43545B5397M000?qs=GG15fDrrStr7oeYOOODgxg%3D%3D,390.0,450.0,20.0,2357.0,999,True
B43547C5227M000,TDK,アルミニウム電解キャパシタ - スナップイン,アルミニウム電解キャパシタ - スナップイン 450VDC 220uF 20% PVC STD 6.3mm Term,426 在庫,"¥1,674",,https://www.mouser.jp/ProductDetail/TDK/B43547C5227M000?qs=OiaALIbqWFTGRjvaC3I3XA%3D%3D,220.0,450.0,20.0,1674.0,426,True
B43508B5477M000,TDK,アルミニウム電解キャパシタ - スナップイン,アルミニウム電解キャパシタ - スナップイン 450VDC 470uF 20% PVC STD 6.3mm Term,226 在庫,"¥4,231.5",,https://www.mouser.jp/ProductDetail/TDK/B43508B5477M000?qs=qPUKiRLrJPGW3mSQeUpMWA%3D%3D,470.0,450.0,20.0,4231.5,226,True
MAL214097003E3,Vishay / BC Components,アルミニウム電解キャパシタ - SMD,アルミニウム電解キャパシタ - SMD 68uF 35volts 20%,1901 在庫,¥397.7,,https://www.mouser.jp/ProductDetail/Vishay-BC-Components/MAL214097003E3?qs=aJI9t0tCUiUqueLk1JXr6Q%3D%3D,68.0,,20.0,397.7,1901,True
MAL211817222E3,Vishay / BC Components,アルミ電解コンデンサ-アキシャルリード,アルミ電解コンデンサ-アキシャルリード 2200uF 20% 40volts,523 在庫,"¥2,117.4",,https://www.mouser.jp/ProductDetail/Vishay-BC-Components/MAL211817222E3?qs=pM1VCyfkp0C2mKT0jeoztw%3D%3D,2200.0,,20.0,2117.4,523,True
MAL202135151E3,Vishay / BC Components,アルミ電解コンデンサ-アキシャルリード,アルミ電解コンデンサ-アキシャルリード 150uF 16V 20% Axial,2811 在庫,¥370,,https://www.mouser.jp/ProductDetail/Vishay-BC-Components/MAL202135151E3?qs=hMvNqCV5SUYXE0qWlteNHQ%3D%3D,150.0,16.0,20.0,370.0,2811,True
MAL202133471E3,Vishay / BC Components,アルミ電解コンデンサ-アキシャルリード,アルミ電解コンデンサ-アキシャルリード 470uF 6.3V 20% Axial,2394 在庫,¥430.3,,https://www.mouser.jp/ProductDetail/Vishay-BC-Components/MAL202133471E3?qs=HIKTYMuL%252B9NJuSDpjy7Hiw%3D%3D,470.0,6.3,20.0,430.3,2394,True
MAL202190532E3,Vishay / BC Components,アルミ電解コンデンサ-アキシャルリード,アルミ電解コンデンサ-アキシャルリード 100uF 100V 20% Axial,2489 在庫,¥564,,https://www.mouser.jp/ProductDetail/Vishay-BC-Components/MAL202190532E3?qs=KQJA%252BRRrFWdzvZBgu2YKvA%3D%3D,100.0,100.0,20.0,564.0,2489,True
MAL215946221E3,Vishay / BC Components,アルミニウム電解キャパシタ - スナップイン,アルミニウム電解キャパシタ - スナップイン 220uF 400V 25x45mm,927 在庫,"¥2,523.2",,https://www.mouser.jp/ProductDetail/Vishay-BC-Components/MAL215946221E3?qs=R62HgyKaTt8KUbAzhMKpfA%3D%3D,220.0,400.0,,2523.2,927,True
865060653009,Wurth Elektronik,アルミニウム電解キャパシタ - SMD,アルミニウム電解キャパシタ - SMD WCAP-ASLL 68uF 50V 20% SMD/SMT,11131 在庫,¥119,,https://www.mouser.jp/ProductDetail/Wurth-Elektronik/865060653009?qs=0KOYDY2FL29cUfMaALLuRA%3D%3D,68.0,50.0,20.0,119.0,11131,True
865060563011,Wurth Elektronik,アルミニウム電解キャパシタ - SMD,アルミニウム電解キャパシタ - SMD WCAP-ASLL 1000uF 35V 20% SMD/SMT,1287 在庫,¥502,,https://www.mouser.jp/ProductDetail/Wurth-Elektronik/865060563011?qs=0KOYDY2FL28PKNvtyLJsGg%3D%3D,1000.0,35.0,20.0,502.0,1287,True
EDH158M6R3A9PAA,KEMET,アルミニウム電解キャパシタ - SMD,アルミニウム電解キャパシタ - SMD 6.3V 1500uF 20%,13051 在庫,¥89.7,https://www.mouser.com/datasheet/3/72/1/EDH158M6R3A9PAA.pdf,https://www.mouser.jp/ProductDetail/KEMET/EDH158M6R3A9PAA?qs=E9QF1UCAUX7l%2FroJlLmDcQ%3D%3D,1500.0,6.3,20.0,89.7,13051,True
EDH106M025A9BAA,KEMET,アルミニウム電解キャパシタ - SMD,アルミニウム電解キャパシタ - SMD 25V 10uF 20%,32730 在庫,¥34.2,https://www.mouser.com/datasheet/3/508/1/EDH106M025A9BAA.pdf,https://www.mouser.jp/ProductDetail/KEMET/EDH106M025A9BAA?qs=E9QF1UCAUX7cby49B%252BI%252BfQ%3D%3D,10.0,25.0,20.0,34.2,32730,True
MAL215757689E3,Vishay / BC Components,アルミニウム電解キャパシタ - スナップイン,アルミニウム電解キャパシタ - スナップイン 450V 68uF 20%,675 在庫,"¥1,522.4",,https://www.mouser.jp/ProductDetail/Vishay-BC-Components/MAL215757689E3?qs=qmStTZH4TzmtLP9MYF9Clw%3D%3D,68.0,450.0,20.0,1522.4,675,True
MAL229956222E3,Vishay / BC Components,アルミニウム電解キャパシタ - スナップイン,アルミニウム電解キャパシタ - スナップイン 2200uF 400V 45x100,73 在庫,"¥12,151.7",,https://www.mouser.jp/ProductDetail/Vishay-BC-Components/MAL229956222E3?qs=reC3wrXoIlzYEsE2ULBaQA%3D%3D,2200.0,400.0,,12151.7,73,True
MAL219390102E3,Vishay / BC Components,アルミニウム電解キャパシタ - スナップイン,アルミニウム電解キャパシタ - スナップイン 330uF 500V 20% 105oC 5000H 35x40mm,578 在庫,"¥2,795.5",,https://www.mouser.jp/ProductDetail/Vishay-BC-Components/MAL219390102E3?qs=X0eQqesbiyjuphmBVHe19w%3D%3D,330.0,500.0,20.0,2795.5,578,True
MAL213833222E3,Vishay / BC Components,アルミ電解コンデンサ-アキシャルリード,アルミ電解コンデンサ-アキシャルリード 2200uF 6.3V 20% Axial,1208 在庫,¥476,,https://www.mouser.jp/ProductDetail/Vishay-BC-Components/MAL213833222E3?qs=3xGhc7tteJWZIENBuo5WOw%3D%3D,2200.0,6.3,20.0,476.0,1208,True
MAL212015222E3,Vishay / BC Components,アルミ電解コンデンサ-アキシャルリード,アルミ電解コンデンサ-アキシャルリード 2200uF 16V 20% Axial,873 在庫,"¥1,160.6",,https://www.mouser.jp/ProductDetail/Vishay-BC-Components/MAL212015222E3?qs=XH5yPjCcUoWxF42q5PvYsA%3D%3D,2200.0,16.0,20.0,1160.6,873,True
MAL212015102E3,Vishay / BC Components,アルミ電解コンデンサ-アキシャルリード,アルミ電解コンデンサ-アキシャルリード 1000uF 16V 20% Axial,1335 在庫,¥886.7,,https://www.mouser.jp/ProductDetail/Vishay-BC-Components/MAL212015102E3?qs=9CkSMcl0Kjmkd%252BGJt7Gb1w%3D%3D,1000.0,16.0,20.0,886.7,1335,True
MAL212015472E3,Vishay / BC Components,アルミ電解コンデンサ-アキシャルリード,アルミ電解コンデンサ-アキシャルリード 4700uF 16V 20% Axial,863 在庫,"¥1,770.2",,https://www.mouser.jp/ProductDetail/Vishay-BC-Components/MAL212015472E3?qs=hMvNqCV5SUbXv%2Fg78o%252BA1g%3D%3D,4700.0,16.0,20.0,1770.2,863,True
EEV226M050S9GAA,KEMET,アルミニウム電解キャパシタ - SMD,アルミニウム電解キャパシタ - SMD 50V 22uF 20% AEC-Q200,49026 在庫,¥52.2,https://www.mouser.com/datasheet/3/72/1/EEV226M050S9GAA.pdf,https://www.mouser.jp/ProductDetail/KEMET/EEV226M050S9GAA?qs=E9QF1UCAUX6T92Wky0Sqsg%3D%3D,22.0,50.0,20.0,52.2,49026,True
ALP22A103CB040,KEMET,アルミ電解コンデンサ - ラジアルリード,アルミ電解コンデンサ - ラジアルリード 40V 10000uF 85C 18k Hour Radial,285 在庫,"¥2,035.9",https://www.mouser.com/datasheet/3/72/1/ALP22A103CB040.pdf,https://www.mouser.jp/ProductDetail/KEMET/ALP22A103CB040?qs=BmXAkaUQjrTNRabnCX4d5Q%3D%3D,10000.0,40.0,,2035.9,285,True
EEU-FK1C472S,Panasonic,アルミ電解コンデンサ - ラジアルリード,アルミ電解コンデンサ - ラジアルリード 16VDC 4700uF 20% AEC-Q200,2025 在庫,¥531.4,,https://www.mouser.jp/ProductDetail/Panasonic/EEU-FK1C472S?qs=u16ybLDytRYbtrnk94yE1g%3D%3D,4700.0,16.0,20.0,531.4,2025,True
MAL205943331E3,Vishay / BC Components,アルミニウム電解キャパシタ - スナップイン,アルミニウム電解キャパシタ - スナップイン 330UF 250V,620 在庫,"¥2,350.5",,https://www.mouser.jp/ProductDetail/Vishay-BC-Components/MAL205943331E3?qs=WyvL69DJJa8wCJmmf9AWaw%3D%3D,330.0,250.0,,2350.5,620,True
MAL205756101E3,Vishay / BC Components,アルミニウム電解キャパシタ - スナップイン,アルミニウム電解キャパシタ - スナップイン 100uF 400volts,514 在庫,"¥1,742.5",,https://www.mouser.jp/ProductDetail/Vishay-BC-Components/MAL205756101E3?qs=r0NmvwWPm2xK1xol2EjUJg%3D%3D,100.0,,,1742.5,514,True
MAL215937101E3,Vishay / BC Components,アルミニウム電解キャパシタ - スナップイン,アルミニウム電解キャパシタ - スナップイン 100uF 450V 22x40mm,1007 在庫,"¥2,052.2",,https://www.mouser.jp/ProductDetail/Vishay-BC-Components/MAL215937101E3?qs=R62HgyKaTt%252BEgwU0IrV6YA%3D%3D,100.0,450.0,,2052.2,1007,True
EEU-FS2A390B,Panasonic,アルミ電解コンデンサ - ラジアルリード,アルミ電解コンデンサ - ラジアルリード 100VDC 39uF 590mA Polar,7369 在庫,¥133.7,https://www.mouser.com/catalog/specsheets/Panasonic_08082018_Capacitor Radial Leaded Lytic (EEU-FS) 020118.pdf,https://www.mouser.jp/ProductDetail/Panasonic/EEU-FS2A390B?qs=w%2Fv1CP2dgqr1gxYWmNLjPw%3D%3D,39.0,100.0,,133.7,7369,True
TVA1803.1,Vishay / Sprague,アルミ電解コンデンサ-アキシャルリード,アルミ電解コンデンサ-アキシャルリード 16uf 475V,5501 在庫,"¥3,615.3",,https://www.mouser.jp/ProductDetail/Vishay-Sprague/TVA1803.1?qs=RwZLobMEnUzg45ufGj4aJw%3D%3D,16.0,475.0,,3615.3,5501,True
MAL202129479E3,Vishay / BC Components,アルミ電解コンデンサ-アキシャルリード,アルミ電解コンデンサ-アキシャルリード 47uF 100V 20% Axial,1946 在庫,¥493.9,,https://www.mouser.jp/ProductDetail/Vishay-BC-Components/MAL202129479E3?qs=pLI900sz1U46akJ0iNX47g%3D%3D,47.0,100.0,20.0,493.9,1946,True
MAL202190518E3,Vishay / BC Components,アルミ電解コンデンサ-アキシャルリード,アルミ電解コンデンサ-アキシャルリード 1000uF 16V 20% Axial,2320 在庫,¥669.9,,https://www.mouser.jp/ProductDetail/Vishay-BC-Components/MAL202190518E3?qs=KQJA%252BRRrFWfMxOgbGN%2FRNg%3D%3D,1000.0,16.0,20.0,669.9,2320,True
MAL212617331E3,Vishay / BC Components,アルミ電解コンデンサ-アキシャルリード,アルミ電解コンデンサ-アキシャルリード 330uF 40V 10x30,1591 在庫,¥658.5,,https://www.mouser.jp/ProductDetail/Vishay-BC-Components/MAL212617331E3?qs=GedFDFLaBXFm%2FNh86gxzIg%3D%3D,330.0,40.0,,658.5,1591,True
B43504A2227M,TDK,アルミニウム電解キャパシタ - スナップイン,アルミニウム電解キャパシタ - スナップイン 250VDC 220uF 20% PVC STD 6.3mm Term,703 在庫,¥911.2,,https://www.mouser.jp/ProductDetail/TDK/B43504A2227M?qs=JVlt8SiEC9ParH%2Fw%2FQrndw%3D%3D,220.0,250.0,20.0,911.2,703,True
B43504A9227M000,TDK,アルミニウム電解キャパシタ - スナップイン,アルミニウム電解キャパシタ - スナップイン 400VDC 220uF 20% PVC STD 6.3mm Term,499 在庫,"¥1,489.8",https://www.mouser.com/catalog/specsheets/epco-s-a0000009109-1.pdf,https://www.mouser.jp/ProductDetail/TDK/B43504A9227M000?qs=brqxNzf12%252BLRWQoh68MfzA%3D%3D,220.0,400.0,20.0,1489.8,499,True
B43504A2108M000,TDK,アルミニウム電解キャパシタ - スナップイン,アルミニウム電解キャパシタ - スナップイン 250VDC 1000uF 20% PVC STD 6.3mm Term,209 在庫,"¥3,010.6",https://www.mouser.com/catalog/specsheets/epcos11418-1.pdf,https://www.mouser.jp/ProductDetail/TDK/B43504A2108M000?qs=brqxNzf12%252BIp8WJLeb2f5Q%3D%3D,1000.0,250.0,20.0,3010.6,209,True
MAL214651222E3,Vishay / BC Components,アルミ電解コンデンサ - ラジアルリード,アルミ電解コンデンサ - ラジアルリード 2200uF 20% 50volts,745 在庫,"¥1,154",,https://www.mouser.jp/ProductDetail/Vishay-BC-Components/MAL214651222E3?qs=oD%252BgjdMRx%252BUVnBzGAEu%252Byw%3D%3D,2200.0,,20.0,1154.0,745,True
MAL202115152E3,Vishay / BC Components,アルミ電解コンデンサ-アキシャルリード,アルミ電解コンデンサ-アキシャルリード 1500uF 16V 20% Axial,906 在庫,¥683,,https://www.mouser.jp/ProductDetail/Vishay-BC-Components/MAL202115152E3?qs=cR7Qvk1oinn%2FncZScEdjCg%3D%3D,1500.0,16.0,20.0,683.0,906,True
MAL202134331E3,Vishay / BC Components,アルミ電解コンデンサ-アキシャルリード,アルミ電解コンデンサ-アキシャルリード 330uF 10V 20% Axial,2945 在庫,¥440.1,,https://www.mouser.jp/ProductDetail/Vishay-BC-Components/MAL202134331E3?qs=hMvNqCV5SUaCNGnN9%252Bioqw%3D%3D,330.0,10.0,20.0,440.1,2945,True
MAL202135681E3,Vishay / BC Components,アルミ電解コンデンサ-アキシャルリード,アルミ電解コンデンサ-アキシャルリード 680uF 16V 20% Axial,1705 在庫,¥539.5,,https://www.mouser.jp/ProductDetail/Vishay-BC-Components/MAL202135681E3?qs=IODwLvXzwT0%252BUVw1r9A%2FMA%3D%3D,680.0,16.0,20.0,539.5,1705,True
MAL202139339E3,Vishay / BC Components,アルミ電解コンデンサ-アキシャルリード,アルミ電解コンデンサ-アキシャルリード 33uF 100V 20% Axial,1827 在庫,¥430.3,,https://www.mouser.jp/ProductDetail/Vishay-BC-Components/MAL202139339E3?qs=822%252BXB1WXnIz39VR%2F%2F1AcQ%3D%3D,33.0,100.0,20.0,430.3,1827,True
MAL202126151E3,Vishay / BC Components,アルミ電解コンデンサ-アキシャルリード,アルミ電解コンデンサ-アキシャルリード 150uF 25V 20% Axial,1928 在庫,¥443.4,,https://www.mouser.jp/ProductDetail/Vishay-BC-Components/MAL202126151E3?qs=herSbFlu8j2mWkl8pS0lIg%3D%3D,150.0,25.0,20.0,443.4,1928,True
EXV105M050A9BAA,KEMET,アルミニウム電解キャパシタ - SMD,アルミニウム電解キャパシタ - SMD 50V 1uF 20%,27716 在庫,¥68.5,https://www.mouser.com/datasheet/3/72/1/EXV105M050A9BAA.pdf,https://www.mouser.jp/ProductDetail/KEMET/EXV105M050A9BAA?qs=87sMTGlwm57GuiZt7rQgSw%3D%3D,1.0,50.0,20.0,68.5,27716,True
EDH228M025S9TAA,KEMET,アルミニウム電解キャパシタ - SMD,アルミニウム電解キャパシタ - SMD 25V 2200uF 20% AEC-Q200,2706 在庫,¥329.3,https://www.mouser.com/datasheet/3/508/1/KEM_A4049_EDH.pdf,https://www.mouser.jp/ProductDetail/KEMET/EDH228M025S9TAA?qs=E9QF1UCAUX50ohUxWC53%252BQ%3D%3D,2200.0,25.0,20.0,329.3,2706,True
ALS70A132KE500,KEMET,アルミニウム電解キャパシタ - ネジ端子,アルミニウム電解キャパシタ - ネジ端子 500V 1300uF 20% 18000Hrs,93 在庫,"¥4,229.9",https://www.mouser.com/datasheet/3/72/1/KEM_A4075_ALS70_71.pdf,https://www.mouser.jp/ProductDetail/KEMET/ALS70A132KE500?qs=AQlKX63v8RswKN20NOlUsg%3D%3D,1300.0,500.0,20.0,4229.9,93,True
ALS70A243QT350,KEMET,アルミニウム電解キャパシタ - ネジ端子,アルミニウム電解キャパシタ - ネジ端子 350V 24000uF 20% 20000Hrs,40 在庫,"¥27,051.5",https://www.mouser.com/datasheet/3/72/1/ALS70A243QT350.pdf,https://www.mouser.jp/ProductDetail/KEMET/ALS70A243QT350?qs=AQlKX63v8RubBRvKplS8Gg%3D%3D,24000.0,350.0,20.0,27051.5,40,True
ALS70A513NF100,KEMET,アルミニウム電解キャパシタ - ネジ端子,アルミニウム電解キャパシタ - ネジ端子 100V 51000uF 20% 20000Hrs,65 在庫,"¥10,300",https://www.mouser.com/datasheet/3/72/1/ALS70A513NF100.pdf,https://www.mouser.jp/ProductDetail/KEMET/ALS70A513NF100?qs=AQlKX63v8RvblInItdyg3g%3D%3D,51000.0,100.0,20.0,10300.0,65,True
B43644C9227M000,TDK,アルミニウム電解キャパシタ - スナップイン,アルミニウム電解キャパシタ - スナップイン 400VDC 220uF 20% PVC STD 6.3mm Term,2057 在庫,"¥1,361.1",,https://www.mouser.jp/ProductDetail/TDK/B43644C9227M000?qs=BZBei1rCqCAFD%252BucGDYo1g%3D%3D,220.0,400.0,20.0,1361.1,2057,True
MAL205858472E3,Vishay / BC Components,アルミニウム電解キャパシタ - スナップイン,アルミニウム電解キャパシタ - スナップイン 4700uF 63V 35x40mm,601 在庫,"¥3,002.5",,https://www.mouser.jp/ProductDetail/Vishay-BC-Components/MAL205858472E3?qs=r0NmvwWPm2xBicKj%2F%252B9UYw%3D%3D,4700.0,63.0,,3002.5,601,True
EXV157M010A9HAA,KEMET,アルミニウム電解キャパシタ - SMD,アルミニウム電解キャパシタ - SMD 10V 150uF 20%,9360 在庫,¥79.9,https://www.mouser.com/datasheet/3/72/1/EXV157M010A9HAA.pdf,https://www.mouser.jp/ProductDetail/KEMET/EXV157M010A9HAA?qs=E9QF1UCAUX7COvzq6kFuaw%3D%3D,150.0,10.0,20.0,79.9,9360,True
MAL213814103E3,Vishay / BC Components,アルミ電解コンデンサ-アキシャルリード,アルミ電解コンデンサ-アキシャルリード 10000uF 10V 20% Axial,2943 在庫,"¥1,318.7",,https://www.mouser.jp/ProductDetail/Vishay-BC-Components/MAL213814103E3?qs=aJI9t0tCUiXqxDP2G%252BXWlQ%3D%3D,10000.0,10.0,20.0,1318.7,2943,True
MAL213815222E3,Vishay / BC Components,アルミ電解コンデンサ-アキシャルリード,アルミ電解コンデンサ-アキシャルリード 2200uF 16V 20% Axial,767 在庫,¥808.5,,https://www.mouser.jp/ProductDetail/Vishay-BC-Components/MAL213815222E3?qs=cAZGeXF9iMojQtlvCNvWkw%3D%3D,2200.0,16.0,20.0,808.5,767,True
MAL212026102E3,Vishay / BC Components,アルミ電解コンデンサ-アキシャルリード,アルミ電解コンデンサ-アキシャルリード 1000uF 25V 20% Axial,950 在庫,"¥1,067.7",,https://www.mouser.jp/ProductDetail/Vishay-BC-Components/MAL212026102E3?qs=%252BXAg%2Fou%2FU06wFrRp%252BegAqw%3D%3D,1000.0,25.0,20.0,1067.7,950,True
MAL213815332E3,Vishay / BC Components,アルミ電解コンデンサ-アキシャルリード,アルミ電解コンデンサ-アキシャルリード 3300uF 16V 20% Axial,801 在庫,¥963.3,,https://www.mouser.jp/ProductDetail/Vishay-BC-Components/MAL213815332E3?qs=cAZGeXF9iMo9K4EnZUWnTg%3D%3D,3300.0,16.0,20.0,963.3,801,True
ESY108M010AH2EA,KEMET,アルミ電解コンデンサ - ラジアルリード,アルミ電解コンデンサ - ラジアルリード 10V 1000uF 105C 4k Hour Radial,13560 在庫,¥99.4,https://www.mouser.com/datasheet/3/72/1/ESY108M010AH2EA.pdf,https://www.mouser.jp/ProductDetail/KEMET/ESY108M010AH2EA?qs=w9hhVRgtvfn%252BxN5tAx5dEw%3D%3D,1000.0,10.0,,99.4,13560,True
PEH169KV6100QB4,KEMET,アルミニウム電解キャパシタ - ネジ端子,アルミニウム電解キャパシタ - ネジ端子 40V 100kuF,107 在庫,"¥10,140.2",https://www.mouser.com/datasheet/3/72/1/KEM_A4035_PEH169_85C.pdf,https://www.mouser.jp/ProductDetail/KEMET/PEH169KV6100QB4?qs=%252BEew9%252B0nqrDcYx7DYWGJsQ%3D%3D,100.0,40.0,,10140.2,107,True
EEU-FS1C122LB,Panasonic,アルミ電解コンデンサ - ラジアルリード,アルミ電解コンデンサ - ラジアルリード 16VDC 1200uF 9000H 8x20mm,9899 在庫,¥146.7,,https://www.mouser.jp/ProductDetail/Panasonic/EEU-FS1C122LB?qs=gt1LBUVyoHmQ1%252BC95E8BAw%3D%3D,1200.0,16.0,,146.7,9899,True
865080257014,Wurth Elektronik,アルミニウム電解キャパシタ - SMD,アルミニウム電解キャパシタ - SMD WCAP-ASLI 1000uF 10V 20% SMD/SMT,17720 在庫,¥161.4,,https://www.mouser.jp/ProductDetail/Wurth-Elektronik/865080257014?qs=0KOYDY2FL2%2FeDzqqpY4biQ%3D%3D,1000.0,10.0,20.0,161.4,17720,True
EEV226M035A9DAA,KEMET,アルミニウム電解キャパシタ - SMD,アルミニウム電解キャパシタ - SMD 35V 22uF 20% 1 Ohms,27890 在庫,¥50.5,https://www.mouser.com/datasheet/3/72/1/EEV226M035A9DAA.pdf,https://www.mouser.jp/ProductDetail/KEMET/EEV226M035A9DAA?qs=T9vdlufmP8wpha2Y2GgSnQ%3D%3D,22.0,35.0,20.0,50.5,27890,True
EEV337M6R3A9HAA,KEMET,アルミニウム電解キャパシタ - SMD,アルミニウム電解キャパシタ - SMD 6.3V 330uF 20% 340 mOhms,17475 在庫,¥66.8,https://www.mouser.com/datasheet/3/72/1/EEV337M6R3A9HAA.pdf,https://www.mouser.jp/ProductDetail/KEMET/EEV337M6R3A9HAA?qs=T9vdlufmP8zFESz9iqhCaw%3D%3D,330.0,6.3,20.0,66.8,17475,True
ALS31A332MF350,KEMET,アルミニウム電解キャパシタ - ネジ端子,"アルミニウム電解キャパシタ - ネジ端子 3300uF, 20%, 350V",39 在庫,"¥9,418.1",https://www.mouser.com/datasheet/3/72/1/KEM_A4031_ALS30_31.pdf,https://www.mouser.jp/ProductDetail/KEMET/ALS31A332MF350?qs=qm6adh%2FEVlGWhysMyUanrQ%3D%3D,3300.0,350.0,20.0,9418.1,39,True
B43508A2337M000,TDK,アルミニウム電解キャパシタ - スナップイン,アルミニウム電解キャパシタ - スナップイン 200VDC 330uF 20% PVC STD 6.3mm Term,941 在庫,"¥1,105.1",https://www.mouser.com/catalog/specsheets/tdk_12142018_b43508-2013.pdf,https://www.mouser.jp/ProductDetail/TDK/B43508A2337M000?qs=qPUKiRLrJPHYoPKdQ2dv%2Fw%3D%3D,330.0,200.0,20.0,1105.1,941,True
MAL224699111E3,Vishay / BC Components,アルミニウム電解キャパシタ - SMD,アルミニウム電解キャパシタ - SMD 1000uF 50V 16x16x21 High Vibration,521 在庫,"¥1,000.8",,https://www.mouser.jp/ProductDetail/Vishay-BC-Components/MAL224699111E3?qs=EAJhGnHnT01lRG8uq4STuQ%3D%3D,1000.0,50.0,,1000.8,521,True
MAL225747221E3,Vishay / BC Components,アルミニウム電解キャパシタ - スナップイン,アルミニウム電解キャパシタ - スナップイン 220uF 450V 25x45mm,534 在庫,"¥1,757.1",,https://www.mouser.jp/ProductDetail/Vishay-BC-Components/MAL225747221E3?qs=xZ%2FP%252Ba9zWqbhMAI4tQniAQ%3D%3D,220.0,450.0,,1757.1,534,True
MAL225753471E3,Vishay / BC Components,アルミニウム電解キャパシタ - スナップイン,アルミニウム電解キャパシタ - スナップイン 470uF 250V 22x40mm,665 在庫,"¥1,295.9",,https://www.mouser.jp/ProductDetail/Vishay-BC-Components/MAL225753471E3?qs=xZ%2FP%252Ba9zWqYjLt2L31hAOg%3D%3D,470.0,250.0,,1295.9,665,True
REF1625682M006B,KYOCERA AVX,アルミ電解コンデンサ - ラジアルリード,アルミ電解コンデンサ - ラジアルリード 6.3V 6800uF 1625 20% Radial,574 在庫,¥370,,https://www.mouser.jp/ProductDetail/KYOCERA-AVX/REF1625682M006B?qs=Y0Uzf4wQF3l8sp7SQ6vNkQ%3D%3D,6800.0,6.3,20.0,370.0,574,True
REH1625332M010B,KYOCERA AVX,アルミ電解コンデンサ - ラジアルリード,アルミ電解コンデンサ - ラジアルリード 10V 3300uF 1625 20% Radial,458 在庫,¥342.3,,https://www.mouser.jp/ProductDetail/KYOCERA-AVX/REH1625332M010B?qs=Y0Uzf4wQF3mbPhG7W%252BdwFg%3D%3D,3300.0,10.0,20.0,342.3,458,True
PEH534VCB3150M2,KEMET,アルミニウム電解キャパシタ - スナップイン,アルミニウム電解キャパシタ - スナップイン 400V 150uf 105 deg C snap in,714 在庫,"¥1,639.8",https://www.mouser.com/datasheet/3/72/1/KEM_A4024_PEH534.pdf,https://www.mouser.jp/ProductDetail/KEMET/PEH534VCB3150M2?qs=lUGYs5V8Vy8rBUTyl3h58Q%3D%3D,150.0,400.0,,1639.8,714,True
MAL214230479E3,Vishay / BC Components,アルミ電解コンデンサ - ラジアルリード,アルミ電解コンデンサ - ラジアルリード 47 F 35V 5x11mm 105 C 2500h,8034 在庫,¥73.4,,https://www.mouser.jp/ProductDetail/Vishay-BC-Components/MAL214230479E3?qs=Ep9Lwju7gVrsF6EihHsYgw%3D%3D,47.0,35.0,,73.4,8034,True
B43544A9687M000,TDK,アルミニウム電解キャパシタ - スナップイン,アルミニウム電解キャパシタ - スナップイン 400VDC 680uF 20% PVC STD 6.3mm Term,157 在庫,"¥2,269",,https://www.mouser.jp/ProductDetail/TDK/B43544A9687M000?qs=GG15fDrrStpzm4QPXwVeuA%3D%3D,680.0,400.0,20.0,2269.0,157,True
MAL214097801E3,Vishay / BC Components,アルミニウム電解キャパシタ - SMD,アルミニウム電解キャパシタ - SMD 47uF 63volts 20%,8576 在庫,¥438.5,,https://www.mouser.jp/ProductDetail/Vishay-BC-Components/MAL214097801E3?qs=aJI9t0tCUiX6FLONbyBiEQ%3D%3D,47.0,,20.0,438.5,8576,True
MAL211817331E3,Vishay / BC Components,アルミ電解コンデンサ-アキシャルリード,"アルミ電解コンデンサ-アキシャルリード 330 F 40V 12,5x30mm 125 C 8000h",637 在庫,¥855.8,,https://www.mouser.jp/ProductDetail/Vishay-BC-Components/MAL211817331E3?qs=pM1VCyfkp0ApkThxBoD87g%3D%3D,330.0,40.0,,855.8,637,True
ALC80A333DD025,KEMET,アルミニウム電解キャパシタ - スナップイン,アルミニウム電解キャパシタ - スナップイン 25V 33000uF 20% 8000Hrs,457 在庫,"¥1,929.9",https://www.mouser.com/datasheet/3/72/1/ALC80A333DD025.pdf,https://www.mouser.jp/ProductDetail/KEMET/ALC80A333DD025?qs=PqoDHHvF649MvWktWwTuKw%3D%3D,33000.0,25.0,20.0,1929.9,457,True
MAL215946101E3,Vishay / BC Components,アルミニウム電解キャパシタ - スナップイン,アルミニウム電解キャパシタ - スナップイン 100uF 400V 22x35mm,702 在庫,"¥1,618.6",,https://www.mouser.jp/ProductDetail/Vishay-BC-Components/MAL215946101E3?qs=R62HgyKaTt%2FbE3%2FhX1m5tQ%3D%3D,100.0,400.0,,1618.6,702,True
EEE-FK1H330V,Panasonic,アルミニウム電解キャパシタ - SMD,アルミニウム電解キャパシタ - SMD 50VDC 33uF 20% Anti-Vibe AEC-Q200,3933 在庫,¥221.7,,https://www.mouser.jp/ProductDetail/Panasonic/EEE-FK1H330V?qs=PzGy0jfpSMsbJJROxDWV6A%3D%3D,33.0,50.0,20.0,221.7,3933,True
865080742009,Wurth Elektronik,アルミニウム電解キャパシタ - SMD,アルミニウム電解キャパシタ - SMD WCAP-ASLI 4.7uF 63V 20%,7711 在庫,¥37.5,,https://www.mouser.jp/ProductDetail/Wurth-Elektronik/865080742009?qs=amGC7iS6iy%252BCtea%2FmDSI4w%3D%3D,4.7,63.0,20.0,37.5,7711,True
MAL214097403E3,Vishay / BC Components,アルミニウム電解キャパシタ - SMD,アルミニウム電解キャパシタ - SMD 220uF 10volts 20%,1788 在庫,¥397.7,,https://www.mouser.jp/ProductDetail/Vishay-BC-Components/MAL214097403E3?qs=aJI9t0tCUiVP9cSclwlNCQ%3D%3D,220.0,,20.0,397.7,1788,True
ALC70E153EL100,KEMET,アルミニウム電解キャパシタ - スナップイン,アルミニウム電解キャパシタ - スナップイン 100V 15000uF 20% 18000Hrs,720 在庫,"¥3,520.8",https://www.mouser.com/datasheet/3/72/1/ALC70E153EL100.pdf,https://www.mouser.jp/ProductDetail/KEMET/ALC70E153EL100?qs=PqoDHHvF64%252BFU2DLItctPg%3D%3D,15000.0,100.0,20.0,3520.8,720,True
MAL214097112E3,Vishay / BC Components,アルミニウム電解キャパシタ - SMD,アルミニウム電解キャパシタ - SMD 330uF 50V 20%,7007 在庫,¥614.5,,https://www.mouser.jp/ProductDetail/Vishay-BC-Components/MAL214097112E3?qs=dEWVFCiHFQXVmHVk8SIHrA%3D%3D,330.0,50.0,20.0,614.5,7007,True
MAL214699711E3,Vishay / BC Components,アルミニウム電解キャパシタ - SMD,アルミニウム電解キャパシタ - SMD 330uF 80V 20%,1600 在庫,¥782.4,,https://www.mouser.jp/ProductDetail/Vishay-BC-Components/MAL214699711E3?qs=2cdrMlin3n1KriFJU37L3g%3D%3D,330.0,80.0,20.0,782.4,1600,True
EEU-FS1K681,Panasonic,アルミ電解コンデンサ - ラジアルリード,アルミ電解コンデンサ - ラジアルリード 80VDC 680uF 2500mA Polar,3868 在庫,¥466.2,https://www.mouser.com/catalog/specsheets/Panasonic_08082018_Capacitor Radial Leaded Lytic (EEU-FS) 020118.pdf,https://www.mouser.jp/ProductDetail/Panasonic/EEU-FS1K681?qs=w%2Fv1CP2dgqqiLirv7I9Mpg%3D%3D,680.0,80.0,,466.2,3868,True
EEU-FS2A121L,Panasonic,アルミ電解コンデンサ - ラジアルリード,アルミ電解コンデンサ - ラジアルリード 100VDC 120uF 1200mA Polar,3485 在庫,¥231.5,https://www.mouser.com/catalog/specsheets/Panasonic_08082018_Capacitor Radial Leaded Lytic (EEU-FS) 020118.pdf,https://www.mouser.jp/ProductDetail/Panasonic/EEU-FS2A121L?qs=w%2Fv1CP2dgqrR72m31SA07w%3D%3D,120.0,100.0,,231.5,3485,True
MAL204858101E3,Vishay / BC Components,アルミ電解コンデンサ - ラジアルリード,アルミ電解コンデンサ - ラジアルリード 100 F 63V 10x12mm 105 C 3000h,1993 在庫,¥251,,https://www.mouser.jp/ProductDetail/Vishay-BC-Components/MAL204858101E3?qs=G99oyVYclWV1tjkeGJpt%252Bw%3D%3D,100.0,63.0,,251.0,1993,True
ALS30A473DE016,KEMET,アルミニウム電解キャパシタ - ネジ端子,アルミニウム電解キャパシタ - ネジ端子 47000uF 16VDC 20%,161 在庫,"¥3,212.7",https://www.mouser.com/datasheet/3/72/1/KEM_A4031_ALS30_31.pdf,https://www.mouser.jp/ProductDetail/KEMET/ALS30A473DE016?qs=g8jvKo8sMA%2FlWhEgTIBp6Q%3D%3D,47000.0,16.0,20.0,3212.7,161,True
EXV336M050A9MAA,KEMET,アルミニウム電解キャパシタ - SMD,アルミニウム電解キャパシタ - SMD 50V 33uF 20%,14149 在庫,¥50.5,https://www.mouser.com/datasheet/3/72/1/KEM_A4003_EXV.pdf,https://www.mouser.jp/ProductDetail/KEMET/EXV336M050A9MAA?qs=wPsQqg7%2Fyqe3X3Etek0%252Biw%3D%3D,33.0,50.0,20.0,50.5,14149,True
REF1625332M016B,KYOCERA AVX,アルミ電解コンデンサ - ラジアルリード,アルミ電解コンデンサ - ラジアルリード 16V 3300uF 1625 20% Radial,355 在庫,¥317.9,,https://www.mouser.jp/ProductDetail/KYOCERA-AVX/REF1625332M016B?qs=Y0Uzf4wQF3mhrf8qYGEmyA%3D%3D,3300.0,16.0,20.0,317.9,355,True
REH1620471M080B,KYOCERA AVX,アルミ電解コンデンサ - ラジアルリード,アルミ電解コンデンサ - ラジアルリード 80V 470uF 1620 20% R adial,294 在庫,¥316.2,,https://www.mouser.jp/ProductDetail/KYOCERA-AVX/REH1620471M080B?qs=Y0Uzf4wQF3kX0Rafm8KtMg%3D%3D,470.0,80.0,20.0,316.2,294,True
MAL205752221E3,Vishay / BC Components,アルミニウム電解キャパシタ - スナップイン,アルミニウム電解キャパシタ - スナップイン 220UF     200V,385 在庫,"¥1,442.6",,https://www.mouser.jp/ProductDetail/Vishay-BC-Components/MAL205752221E3?qs=r0NmvwWPm2xUIWOSanGgDQ%3D%3D,220.0,200.0,,1442.6,385,True
ESK478M050AQ4AA,KEMET,アルミ電解コンデンサ - ラジアルリード,アルミ電解コンデンサ - ラジアルリード 50V 4700uF 85C 2k Hour Radial,2259 在庫,¥575.4,https://www.mouser.com/datasheet/3/72/1/KEM_A4004_ESK.pdf,https://www.mouser.jp/ProductDetail/KEMET/ESK478M050AQ4AA?qs=ic1jaF55hEkVcY%252By0aRNVw%3D%3D,4700.0,50.0,,575.4,2259,True
865080353015,Wurth Elektronik,アルミニウム電解キャパシタ - SMD,アルミニウム電解キャパシタ - SMD WCAP-ASLI 470uF 16V 20% SMD/SMT,8147 在庫,¥102.7,,https://www.mouser.jp/ProductDetail/Wurth-Elektronik/865080353015?qs=0KOYDY2FL28FboDoWMk70w%3D%3D,470.0,16.0,20.0,102.7,8147,True
ALS70A163NP250,KEMET,アルミニウム電解キャパシタ - ネジ端子,アルミニウム電解キャパシタ - ネジ端子 250V 16000uF 20% 20000Hrs,45 在庫,"¥12,880.3",https://www.mouser.com/datasheet/3/72/1/KEM_A4075_ALS70_71.pdf,https://www.mouser.jp/ProductDetail/KEMET/ALS70A163NP250?qs=AQlKX63v8RuYQYKFAilNXw%3D%3D,16000.0,250.0,20.0,12880.3,45,True
MAL205655103E3,Vishay / BC Components,アルミニウム電解キャパシタ - スナップイン,アルミニウム電解キャパシタ - スナップイン 10000UF    16V,893 在庫,"¥1,661",,https://www.mouser.jp/ProductDetail/Vishay-BC-Components/MAL205655103E3?qs=r0NmvwWPm2xIw7Sz9GHugw%3D%3D,10000.0,16.0,,1661.0,893,True
EEE-FK1A330R,Panasonic,アルミニウム電解キャパシタ - SMD,アルミニウム電解キャパシタ - SMD 33UF 10V FK SMD,17548 在庫,¥70.1,,https://www.mouser.jp/ProductDetail/Panasonic/EEE-FK1A330R?qs=qE6bgDGEOCtNJABbXCamJA%3D%3D,33.0,10.0,,70.1,17548,True
MAL214097805E3,Vishay / BC Components,アルミニウム電解キャパシタ - SMD,アルミニウム電解キャパシタ - SMD 63V 10uF 20%,841 在庫,¥397.7,,https://www.mouser.jp/ProductDetail/Vishay-BC-Components/MAL214097805E3?qs=aJI9t0tCUiWbtUYLESreFg%3D%3D,10.0,63.0,20.0,397.7,841,True
MAL215919101E3,Vishay / BC Components,アルミニウム電解キャパシタ - スナップイン,アルミニウム電解キャパシタ - スナップイン 100uF 500V 20% 105C 5000H 22x40mm,694 在庫,"¥1,594.1",,https://www.mouser.jp/ProductDetail/Vishay-BC-Components/MAL215919101E3?qs=pHY8AWQbqINSy7W8mWdxcA%3D%3D,100.0,500.0,20.0,1594.1,694,True
EEV337M035A9PAA,KEMET,アルミニウム電解キャパシタ - SMD,アルミニウム電解キャパシタ - SMD 35V 330uF 20% 80 mOhms,9542 在庫,¥141.8,https://www.mouser.com/datasheet/3/72/1/EEV337M035A9PAA.pdf,https://www.mouser.jp/ProductDetail/KEMET/EEV337M035A9PAA?qs=3cNQqI%2F0IQv3ptnzHUwpaQ%3D%3D,330.0,35.0,20.0,141.8,9542,True
MAL215933471E3,Vishay / BC Components,アルミニウム電解キャパシタ - スナップイン,アルミニウム電解キャパシタ - スナップイン 470uF 250V 25x40,415 在庫,"¥1,915.3",,https://www.mouser.jp/ProductDetail/Vishay-BC-Components/MAL215933471E3?qs=R62HgyKaTt%252BFK2w8OARACQ%3D%3D,470.0,250.0,,1915.3,415,True
EDK337M025A9PAA,KEMET,アルミニウム電解キャパシタ - SMD,アルミニウム電解キャパシタ - SMD 25V 330uF 20%,13348 在庫,¥102.7,https://www.mouser.com/datasheet/3/72/1/EDK337M025A9PAA.pdf,https://www.mouser.jp/ProductDetail/KEMET/EDK337M025A9PAA?qs=E9QF1UCAUX7Id1kLpVfTLQ%3D%3D,330.0,25.0,20.0,102.7,13348,True
MAL216099803E3,Vishay / BC Components,アルミニウム電解キャパシタ - SMD,アルミニウム電解キャパシタ - SMD 100uF 63volts 150c 20% AEC-Q200,3873 在庫,¥557.5,,https://www.mouser.jp/ProductDetail/Vishay-BC-Components/MAL216099803E3?qs=bUcvJdG3ZnG2lYP0oqkc%2Fw%3D%3D,100.0,,20.0,557.5,3873,True
MAL205657103E3,Vishay / BC Components,アルミニウム電解キャパシタ - スナップイン,アルミニウム電解キャパシタ - スナップイン 10000uF 40V 30x40mm,303 在庫,"¥2,559.1",,https://www.mouser.jp/ProductDetail/Vishay-BC-Components/MAL205657103E3?qs=r0NmvwWPm2wAy%252BHwmZgj4A%3D%3D,10000.0,40.0,,2559.1,303,True
MAL205657223E3,Vishay / BC Components,アルミニウム電解キャパシタ - スナップイン,アルミニウム電解キャパシタ - スナップイン 22000uF 40V 35x50mm,478 在庫,"¥3,817.5",,https://www.mouser.jp/ProductDetail/Vishay-BC-Components/MAL205657223E3?qs=r0NmvwWPm2yyfaCg8GxjCQ%3D%3D,22000.0,40.0,,3817.5,478,True
MAL214097602E3,Vishay / BC Components,アルミニウム電解キャパシタ - SMD,アルミニウム電解キャパシタ - SMD 100uF 25volts 20%,2199 在庫,¥397.7,,https://www.mouser.jp/ProductDetail/Vishay-BC-Components/MAL214097602E3?qs=aJI9t0tCUiW7mjVI24TXmw%3D%3D,100.0,,20.0,397.7,2199,True
EEU-FS2A151L,Panasonic,アルミ電解コンデンサ - ラジアルリード,アルミ電解コンデンサ - ラジアルリード 100VDC 150uF 1200mA Polar,3841 在庫,¥231.5,https://www.mouser.com/catalog/specsheets/Panasonic_08082018_Capacitor Radial Leaded Lytic (EEU-FS) 020118.pdf,https://www.mouser.jp/ProductDetail/Panasonic/EEU-FS2A151L?qs=w%2Fv1CP2dgqqUqeIOJzs0Sw%3D%3D,150.0,100.0,,231.5,3841,True
MAL211834331E3,Vishay / BC Components,アルミ電解コンデンサ-アキシャルリード,アルミ電解コンデンサ-アキシャルリード 330uF 20% 10volts,1101 在庫,¥676.5,,https://www.mouser.jp/ProductDetail/Vishay-BC-Components/MAL211834331E3?qs=pM1VCyfkp0BXMYM%2FHElSYQ%3D%3D,330.0,,20.0,676.5,1101,True
MAL214099013E3,Vishay / BC Components,アルミニウム電解キャパシタ - SMD,アルミニウム電解キャパシタ - SMD 470uF 20% 35volts,6112 在庫,¥658.5,,https://www.mouser.jp/ProductDetail/Vishay-BC-Components/MAL214099013E3?qs=Ep9Lwju7gVpSyLLi4Es4iQ%3D%3D,470.0,,20.0,658.5,6112,True
MAL203690113E3,Vishay / BC Components,アルミ電解コンデンサ - ラジアルリード,アルミ電解コンデンサ - ラジアルリード 50V 100uF 20%,4998 在庫,¥265.7,,https://www.mouser.jp/ProductDetail/Vishay-BC-Components/MAL203690113E3?qs=4T%252B5yYZyZYc%2Fmq1TRMW2ww%3D%3D,100.0,50.0,20.0,265.7,4998,True
ESY188M063AN3AA,KEMET,アルミ電解コンデンサ - ラジアルリード,アルミ電解コンデンサ - ラジアルリード 63V 1800uF 105C 5k Hour Radial,1687 在庫,¥596.6,https://www.mouser.com/datasheet/3/72/1/KEM_A4007_ESY.pdf,https://www.mouser.jp/ProductDetail/KEMET/ESY188M063AN3AA?qs=lH1ILECabYkQWaTeo2kKUQ%3D%3D,1800.0,63.0,,596.6,1687,True
EEU-FK1A392,Panasonic,アルミ電解コンデンサ - ラジアルリード,アルミ電解コンデンサ - ラジアルリード 10VDC 3900uF 20% AEC-Q200,2700 在庫,¥309.7,,https://www.mouser.jp/ProductDetail/Panasonic/EEU-FK1A392?qs=MNPzkKEzRtQNX1CNgtYxVA%3D%3D,3900.0,10.0,20.0,309.7,2700,True
EEU-FK1E222L,Panasonic,アルミ電解コンデンサ - ラジアルリード,アルミ電解コンデンサ - ラジアルリード 25VDC 2200uF 20% AEC-Q200,1477 在庫,¥492.3,,https://www.mouser.jp/ProductDetail/Panasonic/EEU-FK1E222L?qs=MNPzkKEzRtTDsB6wlAKv2A%3D%3D,2200.0,25.0,20.0,492.3,1477,True
EEU-FK1E821S,Panasonic,アルミ電解コンデンサ - ラジアルリード,アルミ電解コンデンサ - ラジアルリード 820UF    25V,2790 在庫,¥308.1,,https://www.mouser.jp/ProductDetail/Panasonic/EEU-FK1E821S?qs=MNPzkKEzRtQDD8sbgDLJsg%3D%3D,820.0,25.0,,308.1,2790,True
EEU-FK1E332S,Panasonic,アルミ電解コンデンサ - ラジアルリード,アルミ電解コンデンサ - ラジアルリード 25VDC 3300uF 20% AEC-Q200,1484 在庫,¥531.4,,https://www.mouser.jp/ProductDetail/Panasonic/EEU-FK1E332S?qs=pS7DO38vtXlVeo5fP7Savg%3D%3D,3300.0,25.0,20.0,531.4,1484,True
EEU-FK1C332L,Panasonic,アルミ電解コンデンサ - ラジアルリード,アルミ電解コンデンサ - ラジアルリード 16VDC 3300uF 20% AEC-Q200,1646 在庫,¥386.3,,https://www.mouser.jp/ProductDetail/Panasonic/EEU-FK1C332L?qs=u16ybLDytRY4tNowA37aow%3D%3D,3300.0,16.0,20.0,386.3,1646,True
REH1625221M100B,KYOCERA AVX,アルミ電解コンデンサ - ラジアルリード,アルミ電解コンデンサ - ラジアルリード 100V 220uF 1625 20% Radial,492 在庫,¥422.2,,https://www.mouser.jp/ProductDetail/KYOCERA-AVX/REH1625221M100B?qs=Y0Uzf4wQF3myEA4zVUHdEQ%3D%3D,220.0,100.0,20.0,422.2,492,True
REF1625821M063B,KYOCERA AVX,アルミ電解コンデンサ - ラジアルリード,アルミ電解コンデンサ - ラジアルリード 63V 820uF 1625 20% R adial,569 在庫,¥340.7,,https://www.mouser.jp/ProductDetail/KYOCERA-AVX/REF1625821M063B?qs=Y0Uzf4wQF3lOHiRmS4MuMQ%3D%3D,820.0,63.0,20.0,340.7,569,True
EXV687M016S9PAA,KEMET,アルミニウム電解キャパシタ - SMD,アルミニウム電解キャパシタ - SMD 16V 680uF 20% AEC-Q200,5438 在庫,¥115.7,https://www.mouser.com/datasheet/3/72/1/KEM_A4003_EXV.pdf,https://www.mouser.jp/ProductDetail/KEMET/EXV687M016S9PAA?qs=E9QF1UCAUX52BjcXcIfQxA%3D%3D,680.0,16.0,20.0,115.7,5438,True
EXV337M035S9PAA,KEMET,アルミニウム電解キャパシタ - SMD,アルミニウム電解キャパシタ - SMD 35V 330uF 20% AEC-Q200,6243 在庫,¥119,https://www.mouser.com/datasheet/3/72/1/EXV337M035S9PAA.pdf,https://www.mouser.jp/ProductDetail/KEMET/EXV337M035S9PAA?qs=E9QF1UCAUX5200OaFM72PA%3D%3D,330.0,35.0,20.0,119.0,6243,True
ELG227M450AR6AA,KEMET,アルミニウム電解キャパシタ - スナップイン,アルミニウム電解キャパシタ - スナップイン 450V 220uF 20% 105C 2000Hrs,784 在庫,"¥1,238.8",https://www.mouser.com/datasheet/3/72/1/KEM_A4021_ELG.pdf,https://www.mouser.jp/ProductDetail/KEMET/ELG227M450AR6AA?qs=KFnARfWiB%252BtaxdNz0%252BKApg%3D%3D,220.0,450.0,20.0,1238.8,784,True
B43509E2397M000,TDK,アルミニウム電解キャパシタ - スナップイン,アルミニウム電解キャパシタ - スナップイン 250VDC 390uF 20% PVC STD 6.3mm Term,521 在庫,¥839.5,,https://www.mouser.jp/ProductDetail/TDK/B43509E2397M000?qs=yQ9FZw9SO3xaVZLaEiZr0g%3D%3D,390.0,250.0,20.0,839.5,521,True
B43541A9397M000,TDK,アルミニウム電解キャパシタ - スナップイン,アルミニウム電解キャパシタ - スナップイン 400VDC 390uF 20% PVC STD 6.3mm Term,452 在庫,"¥1,959.3",,https://www.mouser.jp/ProductDetail/TDK/B43541A9397M000?qs=GG15fDrrSto3lTWsHF7zig%3D%3D,390.0,400.0,20.0,1959.3,452,True
MAL211890514E3,Vishay / BC Components,アルミ電解コンデンサ-アキシャルリード,アルミ電解コンデンサ-アキシャルリード 100uF 63V 20% Axial,1177 在庫,¥625.9,,https://www.mouser.jp/ProductDetail/Vishay-BC-Components/MAL211890514E3?qs=pM1VCyfkp0Az6c5gIKJAsg%3D%3D,100.0,63.0,20.0,625.9,1177,True
B41231A6338M000,TDK,アルミニウム電解キャパシタ - スナップイン,アルミニウム電解キャパシタ - スナップイン 50VDC 3300uF 20% PVC 6mm Terminals,2893 在庫,¥511.8,,https://www.mouser.jp/ProductDetail/TDK/B41231A6338M000?qs=qPUKiRLrJPHsr9RMxiR%2F7w%3D%3D,3300.0,50.0,20.0,511.8,2893,True
B43513A9477M000,TDK,アルミニウム電解キャパシタ - スナップイン,アルミニウム電解キャパシタ - スナップイン 400VDC 470uF 20% PVC STD 6.3mm Term,225 在庫,"¥2,485.8",,https://www.mouser.jp/ProductDetail/TDK/B43513A9477M000?qs=chTDxNqvsymWXcwFSR8rgA%3D%3D,470.0,400.0,20.0,2485.8,225,True
B41888C5188M000,TDK,アルミ電解コンデンサ - ラジアルリード,アルミ電解コンデンサ - ラジアルリード 25VDC 1800uF 20% STD Leads,1872 在庫,¥365.1,,https://www.mouser.jp/ProductDetail/TDK/B41888C5188M000?qs=ziqVJVjjmkxfjTxb8hkGtA%3D%3D,1800.0,25.0,20.0,365.1,1872,True
MAL210118223E3,Vishay / BC Components,アルミニウム電解キャパシタ - ネジ端子,アルミニウム電解キャパシタ - ネジ端子 0.22F 63V 20% 85C 10000H 50x80mm,57 在庫,"¥9,447.5",,https://www.mouser.jp/ProductDetail/Vishay-BC-Components/MAL210118223E3?qs=A8YJ4olPTF6wasAz%2FAm7rg%3D%3D,0.22,63.0,20.0,9447.5,57,True
B43548B5337M080,TDK,アルミニウム電解キャパシタ - スナップイン,アルミニウム電解キャパシタ - スナップイン 450VDC 330uF 20% 240mOhm PVC,378 在庫,"¥1,690.3",,https://www.mouser.jp/ProductDetail/TDK/B43548B5337M080?qs=7MVldsJ5UawuV%252BYvaGPZSA%3D%3D,330.0,450.0,20.0,1690.3,378,True
EDT476M050S9MAA,KEMET,アルミニウム電解キャパシタ - SMD,アルミニウム電解キャパシタ - SMD 50V 47uF 20% AEC-Q200,11946 在庫,¥125.5,https://www.mouser.com/datasheet/3/72/1/EDT476M050S9MAA.pdf,https://www.mouser.jp/ProductDetail/KEMET/EDT476M050S9MAA?qs=E9QF1UCAUX4SwHFbcRyUuw%3D%3D,47.0,50.0,20.0,125.5,11946,True
ALC70A471DC350,KEMET,アルミニウム電解キャパシタ - スナップイン,アルミニウム電解キャパシタ - スナップイン 350V 470uF 20% 15000Hrs,422 在庫,"¥1,678.9",https://www.mouser.com/datasheet/3/72/1/ALC70A471DC350.pdf,https://www.mouser.jp/ProductDetail/KEMET/ALC70A471DC350?qs=PqoDHHvF648NBix%2FuYPreg%3D%3D,470.0,350.0,20.0,1678.9,422,True
